Question,A,B,C,D,Answer,Explain
Tế bào nhân sơ khác với tế bào nhân thực ở đặc điểm cốt lõi nào sau đây?,Chưa có màng nhân bao bọc khối nhân,Không có màng sinh chất,Không chứa vật chất di truyền,Không có khả năng thực hiện trao đổi chất,A,Tế bào nhân sơ chưa có màng nhân bao bọc vùng nhân – đây là điểm phân biệt cơ bản nhất với tế bào nhân thực.
Thành phần nào dưới đây chỉ có ở tế bào thực vật mà không có ở tế bào động vật?,Ty thể,Lục lạp,Bộ máy Golgi,Lưới nội chất,B,Lục lạp là bào quan quang hợp đặc trưng ở tế bào thực vật – giúp tổng hợp chất hữu cơ từ năng lượng ánh sáng.
Bào quan nào được ví như nhà máy năng lượng của tế bào nhân thực?,Bào quan Ribosome,Bào quan Không bào,Bào quan Ty thể,Bào quan Lysosome,C,Ty thể đảm nhận chức năng hô hấp tế bào – tổng hợp phần lớn ATP cung cấp năng lượng cho các hoạt động sống.
Thành phần chính cấu tạo nên màng sinh chất theo mô hình khảm động là gì?,Axit nucleic và carbohydrate,Cellulose và pectin,Peptidoglycan và chitin,Lớp kép phospholipid và protein,D,Màng sinh chất được cấu tạo chủ yếu từ lớp kép phospholipid xen kẽ các phân tử protein khảm động.
Bào quan nào không có màng bao bọc và đóng vai trò tổng hợp protein?,Ribosome,Peroxisome,Lysosome,Không bào,A,Ribosome là bào quan không có màng bao bọc – chức năng chính là tổng hợp chuỗi polypeptide.
Ở tế bào thực vật; cấu trúc nào giúp duy trì hình dạng ổn định của tế bào?,Màng sinh chất,Thành tế bào,Chất nền ngoại bào,Khung xương tế bào,B,Thành tế bào bằng cellulose ở thực vật có tính bền cơ học cao – giúp cố định và duy trì hình dạng tế bào.
Loại bào quan nào chứa các enzyme phân hủy các tế bào già hoặc bào quan bị hỏng?,Ty thể,Peroxisome,Lysosome,Bộ máy Golgi,C,Lysosome chứa các enzyme thủy phân mạnh – đảm nhận chức năng tiêu hóa nội bào và phân hủy bào quan hư hỏng.
Mạng lưới nội chất trơn có chức năng chính nào sau đây?,Tổng hợp protein,Quang hợp tổng hợp chất hữu cơ,Phân hủy các chất độc hại bằng enzyme oxy hóa,Tổng hợp lipid và chuyển hóa đường,D,Lưới nội chất trơn không gắn ribosome – tham gia vào tổng hợp lipid; chuyển hóa đường và khử độc.
Nhân tế bào chứa vật chất di truyền chủ yếu dưới dạng nào?,Nhiễm sắc thể chứa ADN,Phân tử ARN đơn,Các chuỗi Polypeptide ngắn,Phân tử ATP năng lượng,A,Nhân chứa vật chất di truyền là ADN kết hợp với protein histone tạo thành nhiễm sắc thể.
Chức năng chính của bộ máy Golgi trong tế bào là gì?,Tổng hợp ATP cung cấp cho tế bào,Sửa đổi; đóng gói và phân phối sản phẩm của tế bào,Tiếp nhận ánh sáng mặt trời,Nhân đôi ADN trước khi phân bào,B,Bộ máy Golgi tiếp nhận sản phẩm từ lưới nội chất – biến đổi; hoàn thiện và đóng gói chuyển đến nơi sử dụng.
Lưới nội chất hạt sở dĩ có tên gọi như vậy là vì trên bề mặt có đính bào quan nào?,Hạt Lysosome,Hạt Peroxisome,Hạt Ribosome,Hạt Nhân con,C,Lưới nội chất hạt mang các hạt ribosome đính trên bề mặt – chuyên tổng hợp các protein tiết hoặc protein màng.
Thành tế bào vi khuẩn (tế bào nhân sơ) được cấu tạo chủ yếu từ hợp chất nào?,Cellulose,Chitin,Phospholipid,Peptidoglycan,D,Thành tế bào vi khuẩn được cấu tạo từ peptidoglycan – giúp bảo vệ và giữ hình dạng cho tế bào nhân sơ.
Bào quan nào tham gia trực tiếp vào quá trình quang hợp ở thực vật?,Lục lạp,Ty thể,Peroxisome,Không bào trung tâm,A,Lục lạp chứa diệp lục – giúp hấp thụ năng lượng ánh sáng để tổng hợp glucose thông qua quang hợp.
Tế bào cơ hoạt động liên tục cần rất nhiều năng lượng; do đó tế bào này sẽ có nhiều bào quan nào?,Lysosome,Ty thể,Khung xương tế bào,Không bào,B,Ty thể sản xuất ATP – các tế bào tiêu tốn nhiều năng lượng như tế bào cơ tim hay cơ xương luôn chứa rất nhiều ty thể.
Ribosome được cấu tạo từ hai thành phần chính nào sau đây?,ADN và protein,Màng lipid và protein,rARN và protein,Carbohydrate và rARN,C,Ribosome cấu tạo gồm 2 phân tử rARN và các loại protein kết hợp lại với nhau.
Không bào trung tâm ở tế bào thực vật trưởng thành có vai trò quan trọng nào?,Tạo năng lượng cho tế bào,Phân hủy chất độc,Tổng hợp nhiễm sắc thể,Tích trữ nước và tạo áp suất thẩm thấu,D,Không bào trung tâm lớn chứa dịch tế bào – giúp duy trì sức trương nước và áp suất thẩm thấu của tế bào.
Cấu trúc nào quy định tính bán thấm (thấm chọn lọc) của tế bào?,Màng sinh chất,Thành tế bào,Chất nền ngoại bào,Khung xương tế bào,A,Màng sinh chất có tính chọn lọc – chỉ cho một số chất nhất định đi qua để duy trì môi trường nội bào ổn định.
Trong tế bào nhân thực; nhân con (hạch nhân) là nơi diễn ra quá trình nào?,Tổng hợp lipid màng,Tổng hợp các tiểu đơn vị ribosome,Phân hủy các chất phế thải,Nhân đôi toàn bộ ADN,B,Nhân con nằm bên trong nhân tế bào – là nơi lắp ráp các phân tử rARN và protein để tạo nên tiểu đơn vị ribosome.
Trung thể là bào quan có vai trò quan trọng trong quá trình nào ở tế bào động vật?,Quang hợp,Hô hấp tế bào,Phân chia tế bào,Tổng hợp protein,C,Trung thể hình thành thoi phân bào – giúp phân chia các nhiễm sắc thể đều về 2 cực tế bào trong quá trình phân bào.
Thành tế bào của các loài Nấm được cấu tạo chủ yếu từ chất nào?,Cellulose,Peptidoglycan,Protein khảm,Chitin,D,Khác với thực vật (cellulose) và vi khuẩn (peptidoglycan); thành tế bào nấm được cấu tạo chủ yếu từ chitin.
Vùng nhân của tế bào nhân sơ có chứa cấu trúc nào sau đây?,Một phân tử ADN dạng vòng kép,Màng nhân kép,Nhiều nhiễm sắc thể duỗi xoắn,Thoi phân bào,A,Vùng nhân của vi khuẩn chỉ chứa một phân tử ADN dạng vòng kép không có màng nhân bao bọc.
Plasmid ở tế bào vi khuẩn là gì?,Màng sinh chất gấp nếp,Phân tử ADN vòng nhỏ nằm ngoài vùng nhân,Bào quan tổng hợp năng lượng,Vỏ nhầy bảo vệ vi khuẩn,B,Plasmid là các phân tử ADN dạng vòng nhỏ nằm trong tế bào chất; chứa một số gen phụ trợ cho vi khuẩn.
Cấu trúc nào của vi khuẩn giúp chúng di chuyển trong môi trường chất lỏng?,Lông (Nhung mao),Vỏ nhầy,Roi (Tiên mao),Màng sinh chất,C,Roi là cấu trúc dạng sợi dài giúp vi khuẩn xoay chuyển và di chuyển trong môi trường lỏng.
Lớp vỏ nhầy ở một số loại vi khuẩn có tác dụng chính là gì?,Giúp vi khuẩn tổng hợp chất dinh dưỡng,Tăng tốc độ phân chia tế bào,Chứa enzyme hô hấp tế bào,Bảo vệ vi khuẩn khỏi sự thực bào của tế bào bạch cầu,D,Vỏ nhầy bảo vệ vi khuẩn khỏi tác động của hệ miễn dịch chủ thể hoặc môi trường bất lợi.
Đặc điểm nào sau đây thuộc về tế bào nhân sơ?,Chưa có các bào quan có màng bao bọc,Có hệ thống nội màng phức tạp,Có kích thước rất lớn,Chứa nhiều ty thể và lục lạp,A,Tế bào nhân sơ không có các bào quan có màng bao bọc như ty thể; lục lạp hay bộ máy Golgi.
Kích thước nhỏ mang lại ưu thế gì cho tế bào nhân sơ?,Chứa được nhiều chất dinh dưỡng hơn,Tỉ lệ S/V lớn giúp trao đổi chất nhanh,Dễ dàng chống lại thuốc kháng sinh,Di chuyển nhanh hơn các tế bào khác,B,Tỉ lệ diện tích trên thể tích (S/V) lớn giúp tế bào trao đổi chất với môi trường nhanh – sinh trưởng và phân chia mau lẹ.
Yếu tố nào sau đây quyết định tính đặc thù của màng sinh chất?,Số lượng phân tử nước,Độ dày của thành tế bào,Các loại protein màng và sự sắp xếp của chúng,Số lượng ribosome đính trên màng,C,Protein màng thực hiện hầu hết các chức năng đặc thù của màng như vận chuyển; thụ thể và nhận biết tế bào.
Đặc điểm nào sau đây mô tả đúng về chất nền của ty thể?,Chứa sắc tố diệp lục,Là nơi diễn ra pha sáng quang hợp,Không chứa bất kỳ enzyme nào,Là chất lỏng chứa ADN dạng vòng và ribosome,D,Chất nền ty thể là dịch đặc chứa ADN vòng; ribosome riêng và các enzyme tham gia chu trình Krebs.
Mào ty thể (cristae) được tạo thành từ cấu trúc nào?,Màng trong gấp nếp mang chuỗi truyền electron,Màng ngoài gấp nếp,Lớp kép phospholipid của màng ngoài,Các vi ống của khung xương tế bào,A,Màng trong ty thể gấp nếp tạo thành các mào – làm tăng diện tích bề mặt chứa các enzyme tổng hợp ATP.
Sắc tố diệp lục ở lục lạp nằm ở vị trí nào sau đây?,Màng ngoài lục lạp,Màng thylakoid,Màng trong lục lạp,Chất nền stroma,B,Sắc tố diệp lục và chuỗi truyền electron quang hợp nằm trên màng thylakoid của lục lạp.
Chất nền Stroma của lục lạp là nơi diễn ra quá trình nào?,Pha sáng của quang hợp,Hô hấp tế bào,Pha tối (chu trình Calvin) của quang hợp,Phân giải đường hiếu khí,C,Chất nền stroma chứa các enzyme cần thiết cho pha tối của quá trình quang hợp.
Đặc điểm chung giữa ty thể và lục lạp là gì?,Đều chỉ có ở tế bào thực vật,Đều có chức năng quang hợp,Đều không có màng bao bọc,Đều có màng kép; chứa ADN vòng và ribosome riêng,D,Cả ty thể và lục lạp đều có màng kép; chứa ADN dạng vòng và ribosome riêng có khả năng tự tổng hợp một số protein.
Peroxisome là bào quan có chức năng chính nào?,Chuyển hóa lipid và phân giải H2O2 thành nước và oxy,Tổng hợp carbohydrate,Lưu trữ thông tin di truyền,Vận chuyển nước ra ngoài tế bào,A,Peroxisome chứa enzyme catalase giúp phân giải H2O2 (chất độc sinh ra từ chuyển hóa) thành H2O và O2.
Khung xương tế bào nhân thực được cấu tạo từ các thành phần nào?,Màng phospholipid và protein,Vi ống; vi sợi và sợi trung gian,Cellulose và chitin,ADN và RNA,B,Khung xương tế bào bao gồm vi ống; vi sợi và sợi trung gian giúp nâng đỡ và tạo hình dáng tế bào.
Thành phần nào của khung xương tế bào tham gia cấu tạo nên thoi phân bào?,Vi sợi,Sợi trung gian,Vi ống,Màng sinh chất,C,Vi ống là thành phần chính cấu tạo nên thoi phân bào giúp di chuyển nhiễm sắc thể trong phân bào.
Chất nền ngoại bào ở tế bào động vật có cấu tạo chủ yếu từ gì?,Cellulose và hemicellulose,Peptidoglycan,Sắc tố melanin,Các sợi glycoprotein như collagen kết hợp với chuỗi carbohydrate,D,Chất nền ngoại bào ở động vật gồm mạng lưới glycoprotein (đặc biệt là collagen) giúp liên kết các tế bào.
Mối nối kín (tight junction) giữa các tế bào động vật có vai trò gì?,Ngăn không cho chất lỏng rò rỉ qua khe hở giữa các tế bào,Cho phép các phân tử lớn đi qua tự do,Giúp tế bào di chuyển nhanh hơn,Truyền tín hiệu thần kinh,A,Mối nối kín dán chặt các tế bào kề nhau – ngăn chặn sự rò rỉ dịch qua lớp tế bào.
Mối nối hở (gap junction) ở tế bào động vật có chức năng tương tự cấu trúc nào ở tế bào thực vật?,Thành tế bào,Cầu sinh chất (plasmodesmata),Không bào,Màng sinh chất,B,Cả mối nối hở và cầu sinh chất đều tạo kênh giao thông trực tiếp giữa các tế bào kề nhau.
Trong màng sinh chất; cholesterol có vai trò quan trọng nào ở tế bào động vật?,Tổng hợp protein màng,Vận chuyển nước qua màng,Ổn định tính linh hoạt của màng khi nhiệt độ thay đổi,Bảo vệ ADN trong nhân,C,Cholesterol giúp duy trì độ linh động thích hợp của màng sinh chất ở các mức nhiệt độ khác nhau.
Thụ thể trên màng sinh chất thường thuộc bản chất hóa học nào?,Nước và muối khoáng,Axit nucleic,Phospholipid thuần túy,Glycoprotein hoặc lipoprotein,D,Thụ thể màng là các protein (thường gắn carbohydrate) giúp tiếp nhận tín hiệu từ bên ngoài.
Sự vận chuyển thụ động các chất qua màng sinh chất tuân theo nguyên lý nào?,Đi từ nơi có nồng độ cao đến nơi có nồng độ thấp không tốn ATP,Đi từ nơi có nồng độ thấp đến nơi có nồng độ cao tiêu tốn ATP,Cần có thoi phân bào hỗ trợ,Nhờ sự biến dạng của màng sinh chất,A,Vận chuyển thụ động tuân theo quy luật khuếch tán – từ nơi nồng độ cao đến nồng độ thấp và không tiêu tốn ATP.
Sự khuếch tán của các phân tử nước qua màng sinh chất được gọi là gì?,Sự xuất bào,Sự thẩm thấu,Sự nhập bào,Sự vận chuyển chủ động,B,Thẩm thấu là sự khuếch tán riêng của các phân tử nước qua màng bán thấm.
Môi trường ưu trương đối với tế bào là môi trường như thế nào?,Có nồng độ chất tan bên ngoài thấp hơn bên trong tế bào,Có nồng độ chất tan bên ngoài bằng bên trong tế bào,Có nồng độ chất tan bên ngoài cao hơn bên trong tế bào,Không chứa bất kỳ chất tan nào,C,Môi trường ưu trương có nồng độ chất tan ngoại bào lớn hơn nội bào – làm nước rút ra khỏi tế bào.
Khi cho tế bào hồng cầu vào dung dịch nhược trương; hiện tượng gì sẽ xảy ra?,Tế bào bị co nguyên sinh,Tế bào không thay đổi thể tích,Tế bào tự phân hủy nhân,Tế bào hút nước và vỡ ra,D,Tế bào động vật không có thành tế bào – khi ở dung dịch nhược trương nước tràn vào làm tế bào sưng và vỡ.
Hiện tượng co nguyên sinh ở tế bào thực vật xảy ra khi đặt tế bào vào môi trường nào?,Môi trường ưu trương,Môi trường nhược trương,Môi trường đẳng trương,Nước cất tinh khiết,A,Trong môi trường ưu trương – nước từ không bào đi ra ngoài làm khối tế bào chất co lại và tách khỏi thành tế bào.
Vận chuyển chủ động là phương thức vận chuyển các chất như thế nào?,Cùng chiều nồng độ và không tiêu tốn ATP,Ngược chiều nồng độ và tiêu tốn năng lượng ATP,Sử dụng sự thẩm thấu của nước,Rò rỉ tự do qua lớp phospholipid,B,Vận chuyển chủ động đưa các chất ngược độ dốc nồng độ – đòi hỏi bơm protein và năng lượng ATP.
Phương thức nhập bào (endocytosis) bao gồm hai dạng nào sau đây?,Thực bào và thực bào liên kết,Xuất bào và thẩm thấu,Thực bào (ăn tế bào) và ẩm bào (uống tế bào),Khuếch tán đơn giản và khuếch tán tăng cường,C,Nhập bào gồm thực bào (thu nhận hạt rắn) và ẩm bào (thu nhận giọt dung dịch).
Sự xuất bào (exocytosis) giúp tế bào vận chuyển các chất ra ngoài nhờ cấu trúc nào?,Kênh protein xuyên màng,Sự co rút của khung xương tế bào,Cầu sinh chất,Sự dung hợp của bóng vận chuyển với màng sinh chất,D,Các túi/bóng vận chuyển chứa chất tiết di chuyển đến và dung hợp màng với màng sinh chất để giải phóng chất ra ngoài.
Protein được tổng hợp từ lưới nội chất hạt sẽ được gửi đến đâu đầu tiên để hoàn thiện?,Bộ máy Golgi,Ty thể,Lục lạp,Nhân tế bào,A,Protein sản xuất ở lưới nội chất hạt được đóng gói vào túi vận chuyển để gửi tới bộ máy Golgi chế biến tiếp.
Nhân tế bào được bao bọc bởi mấy lớp màng?,Một lớp màng đơn,Hai lớp màng (màng kép),Ba lớp màng,Không có màng bao bọc,B,Nhân tế bào được bảo vệ bởi lớp màng kép – trên màng có các lỗ nhân giúp trao đổi chất với tế bào chất.
Lỗ nhân trên màng nhân có vai trò quan trọng nào?,Cho phép ADN đi tự do ra ngoài tế bào chất,Ngăn cản hoàn toàn mọi chất đi qua,Cho phép ARN và tiểu đơn vị ribosome từ nhân ra tế bào chất,Tổng hợp lipid cho màng sinh chất,C,Lỗ nhân điều hòa sự vận chuyển của ARN; protein và các tiểu đơn vị ribosome giữa nhân và tế bào chất.
Loại tế bào nào dưới đây của cơ thể người không có nhân?,Tế bào cơ tim,Tế bào thần kinh (Neuron),Tế bào bạch cầu,Tế bào hồng cầu trưởng thành,D,Tế bào hồng cầu trưởng thành ở người tiêu biến nhân để tăng không gian chứa hemoglobin vận chuyển oxy.
Bào quan nào đảm nhận chức năng tích trữ và điều hòa nồng độ Ca2+ trong tế bào cơ?,Lưới nội chất trơn,Lưới nội chất hạt,Bộ máy Golgi,Lysosome,A,Lưới nội chất trơn (ở tế bào cơ gọi là lưới cơ chất) có vai trò tích trữ và giải phóng Ca2+ khi cơ co.
Thành phần nào cấu tạo nên thoi phân bào?,Sợi vi sợi actin,Sợi vi ống,Sợi keratin,Phân tử cellulose,B,Vi ống duỗi dài và co rút tạo nên thoi phân bào giúp phân chia nhiễm sắc thể.
Tế bào vi khuẩn có chứa bào quan nào sau đây?,Ty thể,Lục lạp,Ribosome,Lưới nội chất,C,Tế bào vi khuẩn thuộc nhóm nhân sơ – chỉ chứa bào quan duy nhất là ribosome không có màng.
Bào quan Peroxisome được hình thành từ cấu trúc nào?,Bộ máy Golgi,Màng nhân,Ty thể,Lưới nội chất,D,Peroxisome được nảy chồi và phát triển từ các đoạn của lưới nội chất.
Protein muốn vận chuyển qua màng sinh chất bằng kênh protein cần điều kiện gì?,Phải có dạng kích thước và điện tích phù hợp với kênh,Phải bị phân hủy thành amino acid trước,Phải tiêu tốn năng lượng ánh sáng,Phải tan hoàn toàn trong lipid,A,Các kênh protein vận chuyển có tính chọn lọc cao đối với kích thước và điện tích của chất đi qua.
Khuếch tán tăng cường khác khuếch tán đơn giản ở điểm nào?,Tiêu tốn năng lượng ATP,Cần sự hỗ trợ của protein vận chuyển (kênh hoặc chất mang),Đi ngược chiều nồng độ chất tan,Chỉ xảy ra đối với phân tử nước,B,Khuếch tán tăng cường giúp các chất phân cực hoặc kích thước lớn đi qua màng nhờ protein mang mà không tốn năng lượng.
Các phân tử nhỏ không phân cực như O2 và CO2 đi qua màng sinh chất bằng phương thức nào?,Vận chuyển chủ động,Nhập bào,Khuếch tán đơn giản qua lớp kép phospholipid,Sử dụng bơm proton,C,Do không phân cực và nhỏ – O2 và CO2 dễ dàng hòa tan và khuếch tán trực tiếp qua lớp kép lipid.
Ion Na+ và K+ được vận chuyển ngược độ dốc nồng độ qua màng nhờ cấu trúc nào?,Kênh aquaporin,Lớp kép phospholipid,Cầu sinh chất,Bơm Na+-K+ ATPase,D,Bơm Na+-K+ tiêu tốn ATP để bơm 3 Na+ ra ngoài và 2 K+ vào trong tế bào ngược chiều nồng độ.
Kênh aquaporin trên màng sinh chất chuyên chở phân tử nào?,Phân tử Nước,Ion Natri,Phân tử Glucose,Axit amin,A,Aquaporin là các kênh protein đặc hiệu giúp các phân tử nước thẩm thấu nhanh qua màng.
Chất nền ngoại bào kết nối với khung xương tế bào nhờ phân tử màng nào?,Phospholipid,Protein Integrin,Sắc tố diệp lục,Cholesterol,B,Integrin là protein xuyên màng kết nối chất nền ngoại bào với vi sợi thuộc khung xương tế bào.
Hiện tượng tế bào thực vật bị trương nước diễn ra trong môi trường nào?,Môi trường ưu trương,Môi trường đẳng trương,Môi trường nhược trương,Môi trường thiếu oxy,C,Trong môi trường nhược trương – nước thẩm thấu vào trong tế bào làm không bào căng ra tạo sức trương.
Thành tế bào thực vật được liên kết vững chắc nhờ loại liên kết hóa học nào giữa các chuỗi cellulose?,Liên kết peptide,Liên kết phosphodiester,Liên kết bộc đôi ionic,Liên kết hydrogen,D,Các chuỗi cellulose xếp song song và liên kết với nhau bằng nhiều liên kết hydrogen tạo thành vi sợi rất bền.
Nhiễm sắc chất (chromatin) trong nhân tế bào bao gồm thành phần nào?,ADN và protein Histone,ARN và màng phospholipid,Glucose và enzyme,Axit béo và glycerol,A,Nhiễm sắc chất bao gồm chuỗi xoắn kép ADN quấn quanh các khối protein histone.
Bào quan nào ở tế bào thực vật đóng vai trò tương tự như Lysosome ở tế bào động vật?,Lục lạp,Không bào chứa enzyme thủy phân,Lưới nội chất trơn,Peroxisome,B,Không bào ở thực vật chứa các enzyme tiêu hóa thủy phân – đảm nhận chức năng phân hủy tương tự lysosome.
Thành phần chính của chất nền cơ bản (cytosol) trong tế bào chất là gì?,Lớp lipid kép,Các chuỗi cellulose,Nước và các chất hòa tan,Khối nhiễm sắc thể,C,Cytosol là dạng keo bán lỏng chứa chủ yếu là nước; các ion và các phân tử sinh học hòa tan.
Cấu trúc nào dưới đây tham gia vào việc tổng hợp lipid màng cho tế bào?,Ribosome,Trung thể,Khung xương tế bào,Lưới nội chất trơn,D,Lưới nội chất trơn là nơi tổng hợp chính các loại lipid – bao gồm phospholipid và steroid cho màng.
Sự phân chia tế bào chất ở tế bào thực vật khác tế bào động vật ở điểm nào?,Hình thành vách ngăn ở trung tâm tiến ra ngoài,Thắt màng ở trung tâm,Không phân chia tế bào chất,Tiêu biến hoàn toàn thành tế bào,A,Tế bào thực vật có thành cứng nên tạo vách ngăn ở giữa; còn tế bào động vật thắt màng từ ngoài vào.
Bào quan nào dưới đây chứa các enzyme tham gia vào chu trình Glyoxylate ở hạt đang nảy mầm?,Lysosome,Glyoxysome,Ribosome,Trung thể,B,Glyoxysome (một dạng peroxisome chuyên hóa) giúp chuyển hóa chất béo dự trữ thành đường cho hạt mầm.
Điều gì sẽ xảy ra nếu bào quan Lysosome bị vỡ ra hàng loạt trong tế bào chất?,Tế bào tăng cường tổng hợp ATP,Tế bào phân chia nhanh chóng,Tế bào bị tự phân hủy do enzyme tiêu hóa giải phóng,Tế bào biến thành tế bào nhân sơ,C,Lysosome chứa nhiều enzyme thủy phân – khi vỡ ra sẽ tiêu hóa các thành phần của chính tế bào đó.
Loại lipid nào là thành phần cấu trúc chính của mọi màng sinh học?,Triglyceride,Sáp,Dầu thực vật,Phospholipid,D,Phospholipid có tính lưỡng cực – tự tổ chức thành lớp kép tạo nên khung màng sinh học.
Tính lưỡng cực của phân tử phospholipid bao gồm những phần nào?,Đầu ưa nước và đuôi kị nước,Đầu kị nước và đuôi ưa nước,Hai đầu đều ưa nước,Hai đầu đều kị nước,A,Phân tử phospholipid có đầu chứa nhóm phosphate ưa nước và đuôi axit béo kị nước.
Lớp kép phospholipid ngăn cản sự di chuyển tự do của loại chất nào qua màng?,Các khí nhỏ không phân cực như O2,Các chất tích điện và phân cực lớn,Các phân tử lipid khác,Nước ở số lượng cực ít,B,Lớp lõi kị nước ngăn cản các chất tan trong nước; ion và phân tử phân cực đi trực tiếp qua màng.
Một tế bào thực vật được đặt trong dung dịch đường sucrose có nồng độ rất cao. Hiện tượng nào xảy ra?,Trương nước do đường đi vào tế bào,Vỡ tế bào do nước tràn vào quá nhiều,Co nguyên sinh do nước thẩm thấu ra ngoài,Không có sự chuyển động của phân tử nước,C,Dung dịch sucrose đậm đặc là môi trường ưu trương – kéo nước từ tế bào ra ngoài gây co nguyên sinh.
Thành phần nào quy định nhóm máu A; B; AB; O ở màng tế bào hồng cầu người?,Các phân tử cholesterol,Số lượng ribosome,Mức độ dày của lớp kép lipid,Các chuỗi oligosaccharide (carbohydrate) gắn trên màng,D,Kháng nguyên nhóm máu là các chuỗi carbohydrate (glycoprotein/glycolipid) đặc trưng trên màng hồng cầu.
Bào quan nào sau đây trực tiếp tổng hợp ra chuỗi polypeptide?,Ribosome,Golgi,Peroxisome,Trung thể,A,Ribosome dịch mã thông tin từ mARN để tổng hợp nên các chuỗi polypeptide.
Bào quan nào chịu trách nhiệm khử độc rượu và chất hại trong tế bào gan người?,Lục lạp và không bào,Lưới nội chất trơn và peroxisome,Lysosome và trung thể,Ribosome và nhân con,B,Tế bào gan chứa lượng lớn lưới nội chất trơn và peroxisome chứa enzyme phân giải chất độc và rượu.
Cấu trúc vi ống (microtubule) được cấu tạo từ loại protein nào?,Actin,Keratin,Tubulin,Myosin,C,Vi ống được hình thành từ sự trùng hợp các dimer protein tubulin alpha và beta.
Cấu trúc vi sợi (microfilament) được cấu tạo chủ yếu từ protein nào?,Tubulin,Collagen,Elastin,Actin,D,Vi sợi được cấu tạo từ các chuỗi protein actin xoắn lại với nhau.
Sợi trung gian (intermediate filament) có vai trò nổi bật nào?,Cố định vị trí các bào quan như nhân tế bào,Tạo ra sự vận động co cơ,Hình thành thoi phân bào,Vận chuyển túi chất tiết,A,Sợi trung gian bền vững hơn vi ống và vi sợi – giúp duy trì hình dạng tế bào và cố định nhân.
Sự vận chuyển chất qua màng sinh chất nhờ sự biến dạng của màng được gọi chung là gì?,Vận chuyển thụ động,Vận chuyển bằng túi (nhập bào và xuất bào),Khuếch tán tăng cường,Thẩm thấu chọn lọc,B,Nhập bào và xuất bào đòi hỏi sự biến dạng linh hoạt của màng và tiêu tốn ATP.
Trường hợp nào sau đây thể hiện sự thẩm thấu?,Ion Na+ đi từ nơi nồng độ thấp đến cao,Khí CO2 thoát ra khỏi tế bào cơ,Nước di chuyển từ dung dịch nhược trương sang ưu trương qua màng,Glucose được đưa vào tế bào qua kênh,C,Thẩm thấu là sự di chuyển của nước từ nơi thế nước cao (nhược trương) sang thế nước thấp (ưu trương).
Nếu phá hủy nhân con của tế bào nhân thực thì hậu quả trực tiếp là gì?,Tế bào ngưng hô hấp lập tức,Tế bào không thể quang hợp,Màng sinh chất bị vỡ,Tế bào không tổng hợp được ribosome,D,Nhân con là nơi tổng hợp rARN và hoàn thiện tiểu đơn vị ribosome – mất nhân con tế bào thiếu ribosome.
Cấu trúc nào sau đây nối liền màng ngoài của nhân tế bào?,Lưới nội chất,Bộ máy Golgi,Màng sinh chất,Màng ty thể,A,Màng ngoài của nhân liên tục với màng của lưới nội chất trong tế bào chất.
Số lượng ty thể trong tế bào phụ thuộc vào yếu tố nào?,Kích thước của nhân tế bào,Mức độ hoạt động chuyển hóa năng lượng của tế bào,Độ dày của thành tế bào,Số lượng tế bào kề bên,B,Tế bào nào hoạt động càng mạnh (như cơ tim; gan) thì càng cần và chứa nhiều ty thể.
Lục lạp chỉ tìm thấy ở đối tượng sinh vật nào sau đây?,Động vật có xương sống,Tất cả các loài nấm,Thực vật và một số nguyên sinh vật (tảo),Tất cả các loài vi khuẩn,C,Lục lạp có ở tế bào thực vật và tảo – sinh vật tự dưỡng quang hợp.
Dung dịch đẳng trương là dung dịch có đặc điểm gì?,Nồng độ chất tan cao hơn trong tế bào,Nồng độ chất tan thấp hơn trong tế bào,Không chứa ion khoáng,Nồng độ chất tan bằng với nồng độ chất tan trong tế bào,D,Dung dịch đẳng trương có áp suất thẩm thấu cân bằng với nội bào – tế bào không bị co hay sưng.
Khi ngâm rau sống vào nước muối quá đặc (ưu trương); rau sẽ bị hiện tượng gì?,Rau bị héo do tế bào mất nước,Rau giòn hơn do tế bào hút nước,Rau bị vỡ tế bào lập tức,Không có thay đổi gì,A,Nước muối đặc là môi trường ưu trương – rút nước ra khỏi tế bào rau làm rau bị héo mất sức trương.
Bào quan nào tham gia vào việc tạo ra túi vận chuyển (vesicle) để xuất bào?,Ribosome,Bộ máy Golgi,Trung thể,Thành tế bào,B,Bộ máy Golgi hoàn thiện sản phẩm và đóng gói chúng thành các túi vận chuyển di chuyển tới màng.
Vi khuẩn Gram dương và Gram âm khác nhau cơ bản ở cấu trúc nào?,Loại nhân tế bào,Sự có mặt của ribosome,Độ dày và cấu trúc lớp peptidoglycan ở thành tế bào,Cấu tạo màng sinh chất,C,Vi khuẩn Gram dương có lớp peptidoglycan dày – trong khi Gram âm có lớp peptidoglycan mỏng kèm màng ngoài.
Kỹ thuật nhuộm Gram phân biệt hai nhóm vi khuẩn nhờ màu sắc nào?,Gram dương màu đỏ; Gram âm màu xanh,Gram dương màu vàng; Gram âm màu tím,Gram dương không màu; Gram âm màu tím,Gram dương màu tím; Gram âm màu hồng/đỏ,D,Gram dương bắt màu tím của thuốc nhuộm thạch anh; Gram âm bắt màu hồng của safranin.
Ribosome ở tế bào nhân sơ có hệ số lắng là bao nhiêu?,70S,80S,50S,60S,A,Tế bào nhân sơ chứa ribosome loại 70S – nhỏ hơn ribosome 80S trong tế bào chất tế bào nhân thực.
Ribosome trong chất nền ty thể và lục lạp có đặc điểm nào?,Tương tự ribosome 80S của tế bào chất,Tương tự ribosome 70S của vi khuẩn,Có kích thước lớn hơn 80S,Hoàn toàn không có phân tử rARN,B,Do nguồn gốc tiến hóa nội cộng sinh – ty thể và lục lạp mang ribosome 70S giống vi khuẩn.
Khi tế bào thực vật co nguyên sinh tối đa; khoảng trống giữa màng sinh chất và thành tế bào chứa gì?,Không khí tinh khiết,Nước cất,Dung dịch ngoại bào ưu trương,Chất nền cytosol,C,Vì thành tế bào cho chất tan đi qua tự do – khi màng co lại; dung dịch ưu trương bên ngoài tràn vào khoảng trống đó.
Màng thylakoid xếp chồng lên nhau tạo thành cấu trúc gọi là gì?,Chất nền Stroma,Mào Cristae,Bộ máy Golgi,Hạt Grana,D,Các túi thylakoid dẹt xếp chồng lên nhau như chồng tiền kim loại gọi là các hạt grana.
Cấu trúc nào điều khiển mọi hoạt động sống của tế bào nhân thực?,Nhân tế bào,Ty thể,Màng sinh chất,Lưới nội chất,A,Nhân chứa ADN – chương trình di truyền mã hóa protein điều khiển mọi hoạt động sinh lý của tế bào.
Trong mô hình khảm động; từ động có nghĩa là gì?,Màng tế bào co bóp liên tục,Các phân tử lipid và protein có thể di chuyển linh hoạt trong màng,Tế bào di chuyển liên tục trong không gian,Các lỗ màng đóng mở tự động,B,Tính động chỉ khả năng quay; di chuyển ngang của các phân tử phospholipid và protein trên mặt phẳng màng.
Phương thức vận chuyển thụ động nào không cần protein mang hỗ trợ?,Khuếch tán tăng cường,Vận chuyển chủ động qua bơm,Khuếch tán đơn giản,Thực bào,C,Khuếch tán đơn giản là các chất tự do đi xuyên qua lớp lipid kép không cần protein giúp đỡ.
Cấu trúc bào quan nào chỉ tìm thấy ở tế bào động vật mà thông thường không có ở tế bào thực vật bậc cao?,Lục lạp,Không bào lớn,Thành tế bào,Trung thể,D,Trung thể chứa cặp trung tử xuất hiện ở tế bào động vật và sinh vật nhân thực bậc thấp; không có ở thực vật bậc cao.
Bào quan Lysosome có nguồn gốc được tạo ra từ đâu?,Bộ máy Golgi và Lưới nội chất hạt,Ty thể,Lục lạp,Nhân tế bào,A,Enzyme lysosome được tổng hợp ở lưới nội chất hạt – sau đó chuyển sang Golgi để đóng gói thành lysosome.
Nhiệt độ môi trường quá cao sẽ ảnh hưởng như thế nào đến màng sinh chất?,Làm màng đông cứng lại lập tức,Làm tăng độ chảy động quá mức và mất tính bền cấu trúc màng,Làm tăng số lượng cholesterol,Không gây ảnh hưởng gì,B,Nhiệt độ cao làm các phân tử lipid chuyển động quá mạnh – làm màng biến tính và tăng tính thấm không kiểm soát.
Thẩm thấu là hiện tượng di chuyển của phân tử nào?,Ion Natri,Phân tử Glucose,Phân tử Nước,Phân tử Axit amin,C,Thẩm thấu quy định riêng cho sự khuếch tán của các phân tử môi chất lỏng (chủ yếu là nước).
Hiện tượng nào diễn ra khi đưa tế bào hồng cầu vào nước cất?,Tế bào bị co nguyên sinh,Tế bào không đổi dạng,Tế bào tiết muối ra ngoài,Tế bào hút nước; căng phồng và vỡ (tan máu),D,Nước cất là môi trường nhược trương tuyệt đối – nước tràn vào làm hồng cầu căng vỡ.
Tế bào thực vật không bị vỡ khi ở trong dung dịch nhược trương là nhờ có cấu trúc nào?,Thành tế bào cứng chắc,Màng sinh chất dày,Không bào chứa nhiều đường,Lục lạp hấp thụ nước,A,Thành tế bào chắc chắn chống lại lực căng trương nước – giữ cho tế bào không bị vỡ.
Thuốc kháng sinh Penicillin diệt vi khuẩn bằng cơ chế nào?,Phá hủy hoàn toàn màng nhân vi khuẩn,Ức chế sự tổng hợp thành peptidoglycan của vi khuẩn,Ức chế hoạt động của ty thể vi khuẩn,Phân hủy ADN trong vùng nhân,B,Penicillin ngăn cản tạo liên kết ngang peptidoglycan – làm thành tế bào yếu đi và vi khuẩn bị vỡ dưới áp suất thẩm thấu.
Ion Ca2+ đi từ nơi có nồng độ thấp trong tế bào chất vào nơi có nồng độ cao trong lưới nội chất bằng phương thức nào?,Khuếch tán đơn giản,Thẩm thấu tự do,Vận chuyển chủ động tiêu tốn ATP,Xuất bào,C,Vận chuyển ngược chiều nồng độ (từ thấp đến cao) bắt buộc phải qua bơm chủ động dùng ATP.
Loại protein màng nào làm nhiệm vụ nhận biết các tế bào lạ hay tế bào cùng cơ thể?,Kênh Aquaporin,Bơm Na+-K+,Enzyme ATP synthase,Glycoprotein (dấu chuẩn nhận biết),D,Glycoprotein đóng vai trò như thẻ căn cước sinh học giúp hệ miễn dịch nhận biết tế bào nhà hay tế bào lạ.
Tế bào tuyến tụy tiết enzyme tiêu hóa ra ngoài ruột bằng phương thức vận chuyển nào?,Xuất bào,Thực bào,Khuếch tán tăng cường,Vận chuyển thụ động,A,Enzyme là phân tử đại phân tử lớn – được đóng gói trong túi xuất bào dung hợp với màng để tiết ra ngoài.
Bào quan nào tham gia phân giải các chất béo thành carbohydrate ở các hạt chứa dầu?,Lysosome,Glyoxysome,Ribosome,Bộ máy Golgi,B,Glyoxysome chứa enzyme biến đổi chất béo dự trữ thành đường để nuôi cây mầm.
Sự kết hợp giữa ADN và protein Histone tạo nên cấu trúc nền tảng nào?,Ribosome,Peroxisome,Nucleosome,Trung thể,C,Đoạn ADN quấn quanh khối 8 phân tử protein histone tạo nên đơn vị cấu trúc nucleosome.
Chất nào dưới đây DỄ DÀNG đi qua lớp kép phospholipid của màng sinh chất nhất?,Ion K+,Phân tử Glucose,Protein huyết thanh,Phân tử Vitamin A (tan trong lipid),D,Các chất không phân cực và tan trong lipid như Vitamin A; D; E; K dễ dàng hòa tan và qua màng nhanh nhất.
Tế bào nào sau đây có chứa nhiều lưới nội chất trơn nhất?,Tế bào vỏ tuyến thượng thận (tiết hormone steroid),Tế bào cơ vân,Tế bào hồng cầu,Tế bào biểu bì da,A,Lưới nội chất trơn tổng hợp steroid – do đó cực kỳ phát triển ở các tế bào tiết hormone steroid như vỏ thượng thận.
Nhiệm vụ của glycoprotein trên chất nền ngoại bào là gì?,Tạo năng lượng cho hoạt động cơ,Bám dính tế bào và truyền tín hiệu giữa bên ngoài và bên trong,Hấp thụ ánh sáng mặt trời,Duy trì pH tế bào,B,Chất nền ngoại bào gắn với màng giúp liên kết các mô và truyền tín hiệu sinh học.
Điểm giống nhau về chức năng của Ty thể và Lục lạp là gì?,Đều tổng hợp chất hữu cơ từ CO2 và nước,Đều phân hủy chất độc cho tế bào,Đều tham gia chuyển hóa năng lượng cho tế bào,Đều tiêu thụ khí O2 để tạo nước,C,Cả hai bào quan đều biến đổi dạng năng lượng này thành dạng năng lượng khác (chuyển hóa năng lượng).
Màng tế bào nhân thực có cấu trúc gồm mấy lớp phospholipid?,Một lớp đơn phân tử,Ba lớp phân tử,Bốn lớp phân tử,Một lớp kép (2 lớp phân tử phospholipid),D,Màng sinh chất là một lớp lipid kép (gồm 2 lớp phân tử phospholipid xếp quay đuôi kị nước vào nhau).
Vi ống được lắp ráp và phát sinh từ cấu trúc trung tâm nào trong tế bào động vật?,Trung thể (Centrosome),Nhân con,Bộ máy Golgi,Màng ngoài ty thể,A,Trung thể đóng vai trò là trung tâm tổ chức vi ống (MTOC) của tế bào động vật.
Tế bào tiêu tốn năng lượng ATP nhiều nhất cho phương thức vận chuyển nào?,Khuếch tán đơn giản,Vận chuyển chủ động và nhập/xuất bào,Thẩm thấu nước,Khuếch tán qua kênh,B,Vận chuyển ngược nồng độ và biến dạng màng rộng lớn đòi hỏi lượng lớn năng lượng ATP.
Chức năng nào sau đây KHÔNG phải của màng sinh chất?,Trao đổi chất chọn lọc với môi trường,Thụ cảm tín hiệu hóa học,Nơi diễn ra quá trình dịch mã tổng hợp protein,Nhận biết các tế bào kề bên,C,Quá trình dịch mã tổng hợp protein diễn ra trên các ribosome tự do hoặc đính trên lưới nội chất; không phải ở màng.
Đặc điểm nào khiến tế bào vi khuẩn có tốc độ sinh sản cực kỳ nhanh?,Có nhiều ty thể tạo ATP,Có màng nhân bảo vệ ADN,Có khả năng di chuyển linh hoạt,Kích thước nhỏ; tỉ lệ S/V lớn; cấu trúc đơn giản,D,Kích thước nhỏ giúp trao đổi chất cực nhanh – quá trình nhân đôi và phân chia tế bào diễn ra liên tục.
Tế bào đại thực bào trong hệ miễn dịch bắt giữ vi khuẩn bằng phương thức nào?,Thực bào (Phagocytosis),Ẩm bào (Pinocytosis),Xuất bào,Khuếch tán thụ động,A,Đại thực bào mở rộng màng sinh chất bao lấy vi khuẩn hạt lớn để nuốt vào trong tế bào (thực bào).
Ẩm bào (Pinocytosis) là hình thức tế bào thu nhận chất gì?,Các hạt vi khuẩn kích thước lớn,Các giọt dịch ngoại bào chứa chất tan,Các mảnh vỡ tế bào chết,Khí O2 và CO2 dạng khí,B,Ẩm bào là quá trình màng sinh chất hõm vào để lấy các giọt dịch lỏng ngoại bào.
Chuỗi truyền electron hô hấp ở tế bào nhân thực nằm ở đâu?,Màng ngoài của ty thể,Chất nền ty thể,Màng trong của ty thể,Màng sinh chất,C,Các phức hợp enzyme của chuỗi truyền electron đính trên màng trong (gấp nếp tạo mào) của ty thể.
Thực vật bị héo khi thiếu nước là do tế bào bị mất hiện tượng gì?,Sự co nguyên sinh,Quá trình quang hợp,Sự phân chia nhân,Áp suất trương nước (Sức trương tế bào),D,Nước đầy trong không bào tạo áp suất trương nước đẩy màng vào thành – thiếu nước tế bào mất sức trương làm cây héo.
Nồng độ ion K+ bên trong tế bào thần kinh cao hơn bên ngoài rất nhiều. Nhờ đâu duy trì sự chênh lệch này?,Hoạt động liên tục của bơm Na+-K+ ATPase,Sự thẩm thấu của nước,Khuếch tán tự do qua màng,Sự biến dạng xuất bào,A,Bơm Na+-K+ chủ động bơm K+ từ ngoài vào trong ngược độ dốc nồng độ để duy trì điện thế nghỉ.
Nhiễm sắc thể ở tế bào nhân thực được quan sát rõ nhất ở kì nào của quá trình phân bào?,Kì đầu,Kì giữa (khi co xoắn cực đại),Kì sau,Kì trung gian,B,Ở kì giữa; nhiễm sắc thể co xoắn tối đa có hình dạng đặc trưng rõ rệt dưới kính hiển vi.
Bào quan nào đóng vai trò chính trong việc tổng hợp màng sinh chất mới cho tế bào?,Lục lạp và ty thể,Ribosome và trung thể,Lưới nội chất (hạt và trơn) kết hợp với bộ máy Golgi,Lysosome và peroxisome,C,Lưới nội chất tổng hợp lipid và protein màng – Golgi hoàn thiện và đóng gói chuyển đến gắn vào màng sinh chất.
Thành phần carbohydrate của màng sinh chất nằm ở đâu?,Chỉ nằm ở bề mặt hướng vào tế bào chất,Nằm kẹp giữa hai lớp lipid,Nằm rải rác đều khắp hai mặt,Chỉ nằm ở bề mặt phía ngoài tế bào,D,Các chuỗi carbohydrate chỉ gắn ở mặt ngoài màng sinh chất tạo lớp áo tế bào (glycocalyx).
Mô hình màng khảm động được đề xướng bởi ai vào năm 1972?,S. J. Singer và G. L. Nicolson,Robert Hooke,Antonie van Leeuwenhoek,Matthias Schleiden,A,Singer và Nicolson là hai nhà khoa học đề xuất mô hình khảm động được công nhận rộng rãi.
Bào quan Peroxisome bảo vệ tế bào khỏi chất độc nào do chính tế bào tạo ra?,CO2,H2O2 (Hydro peroxide),Axit lactic,Ure,B,H2O2 độc hại sinh ra từ quá trình chuyển hóa được catalase trong peroxisome phân giải thành H2O và O2.
Ở người; loại tế bào nào có chứa nhiều lysosome nhất?,Tế bào hồng cầu,Tế bào xương,Tế bào bạch cầu (như bạch cầu trung tính và đại thực bào),Tế bào tóc,C,Bạch cầu làm nhiệm vụ tiêu hóa và tiêu diệt mầm bệnh nên chứa lượng lớn lysosome giàu enzyme thủy phân.
Cấu trúc vi sợi actin tham gia trực tiếp vào hoạt động nào sau đây?,Cấu tạo nên thoi phân bào,Lắp ráp nhiễm sắc thể,Tạo áp suất thẩm thấu,Sự vận động co cơ và sự phân chia tế bào chất ở động vật,D,Vi sợi actin kết hợp với myosin giúp co cơ và tạo vòng thắt chia đôi tế bào chất động vật.
Thành tế bào thực vật trưởng thành gồm có những lớp vách nào?,Thành sơ cấp và thành thứ cấp,Thành Peptidoglycan và thành Chitin,Màng kép và màng đơn,Vỏ nhầy và vỏ lụa,A,Tế bào thực vật ban đầu có thành sơ cấp dẻo – khi trưởng thành bồi đắp thêm thành thứ cấp dày dặn.
Cấu trúc nào dưới đây đóng vai trò như bộ khung nâng đỡ bên trong nhân tế bào?,Khung xương vi ống,Tấm lót nhân (Nuclear lamina),Cầu sinh chất,Thành tế bào,B,Nuclear lamina cấu tạo từ các sợi trung gian lót bên trong màng nhân giúp duy trì hình dạng nhân.
Một chất tan A muốn đi qua màng từ nơi có nồng độ thấp đến nơi có nồng độ cao cần có những điều kiện nào?,Lớp lipid kép dính liền,Kênh Aquaporin mở rộng,Protein vận chuyển đặc hiệu và năng lượng ATP,Sự hỗ trợ của sắc tố diệp lục,C,Đây là vận chuyển chủ động – bắt buộc cần chất mang protein và năng lượng ATP.
Nếu đưa tế bào thực vật vào dung dịch đẳng trương; tế bào sẽ ở trạng thái nào?,Tế bào bị vỡ ra hoàn toàn,Tế bào bị co nguyên sinh tối đa,Tế bào tự nhân đôi,Tế bào không bị co nguyên sinh cũng không căng trương nước mạnh,D,Trong dung dịch đẳng trương; lượng nước đi vào và đi ra tế bào bằng nhau nên tế bào duy trì trạng thái thả lỏng.
Khi ngâm dưa hành vào nước muối; sau một thời gian thấy dưa bị teo lại và tiết ra nước. Đây là hiện tượng gì?,Sự mất nước do môi trường ưu trương bên ngoài,Sự hút nước do môi trường nhược trương,Sự vận chuyển chủ động muối vào dưa,Sự phân hủy tự nhiên của tế bào,A,Nước muối làm môi trường ngoài ưu trương – rút nước từ trong tế bào dưa ra ngoài.
Steroid hormone (như estrogen và testosterone) đi qua màng sinh chất bằng hình thức nào?,Khuếch tán qua kênh nước,Khuếch tán đơn giản qua lớp kép lipid,Nhập bào tiêu tốn ATP,Xuất bào qua túi Golgi,B,Hormone steroid có bản chất lipid – dễ hòa tan qua lớp lipid kép mà không cần protein hay ATP.
Sự khuếch tán tăng cường các chất qua màng sinh chất phụ thuộc vào yếu tố nào?,Mức độ chiếu sáng của môi trường,Số lượng hạt ribosome,Sự chênh lệch nồng độ và số lượng protein vận chuyển trên màng,Độ dày thành cellulose,C,Tốc độ khuếch tán tăng cường đạt mức bão hòa khi tất cả các protein vận chuyển trên màng bị chiếm chỗ.
Tại sao lipid lại được tổng hợp chủ yếu ở lưới nội chất trơn chứ không phải lưới nội chất hạt?,Vì lưới nội chất hạt bận tổng hợp ADN,Vì lưới nội chất trơn nằm cạnh màng sinh chất,Vì lưới nội chất hạt không có màng,Vì lưới nội chất trơn chứa các enzyme tổng hợp lipid đính trên màng,D,Màng của lưới nội chất trơn tích hợp chuỗi các enzyme chuyên hóa cho quá trình tổng hợp lipid và steroid.
Sự vận chuyển electron trong chuỗi truyền hô hấp ở ty thể giải phóng năng lượng dùng để làm gì?,Bơm H+ qua màng trong ty thể tạo chênh lệch nồng độ tổng hợp ATP,Phân hủy trực tiếp phân tử glucose,Tổng hợp màng tế bào mới,Đốt cháy các axit béo,A,Năng lượng electron dùng để bơm H+ tạo độ dốc proton – kích hoạt enzyme ATP synthase tạo ra ATP.
Sự trao đổi các chất giữa nhân tế bào và tế bào chất được thực hiện qua cấu trúc nào?,Các kênh aquaporin,Các lỗ màng nhân,Cầu sinh chất,Màng lưới nội chất,B,Lỗ màng nhân là cổng giao tiếp phức tạp điều hòa vận chuyển protein và ARN giữa hai miền.
Nước cất được xem là môi trường gì so với dịch bào của tế bào sống?,Môi trường ưu trương,Môi trường đẳng trương,Môi trường nhược trương,Môi trường bão hòa,C,Nước cất không chứa chất tan – có thế nước cao nhất nên là môi trường nhược trương tuyệt đối.
Cấu trúc nào sau đây của vi khuẩn giúp chúng bám vào bề mặt tế bào chủ?,Roi,Plasmid,Ribosome,Lông (Pili/Nhung mao),D,Lông (pili) giúp vi khuẩn bám dính chắc chắn vào bề mặt tế bào chủ hoặc các giá thể.
Bào quan nào sau đây có khả năng tự nhân đôi độc lập với sự phân chia của nhân tế bào?,Ty thể và Lục lạp,Lysosome và Peroxisome,Bộ máy Golgi và Lưới nội chất,Ribosome và Trung thể,A,Do chứa ADN vòng và bộ máy dịch mã riêng – ty thể và lục lạp tự nhân đôi bằng cách phân đôi.
Đặc điểm nào sau đây KHÔNG đúng với cấu tạo của tế bào nhân sơ?,Chưa có màng nhân,Có mạng lưới nội chất chằng chịt trong tế bào chất,ADN dạng vòng đôi,Chứa ribosome 70S,B,Tế bào nhân sơ không có hệ thống nội màng – tức không có lưới nội chất.
Tế bào thực vật liên lạc trực tiếp với các tế bào kề bên thông qua cấu trúc nào?,Mối nối kín,Mối nối hở,Cầu sinh chất (Plasmodesmata),Lỗ nhân,C,Cầu sinh chất là các kênh xuyên qua thành tế bào nối liền tế bào chất của các tế bào kề nhau.
Bào quan nào đảm nhận vai trò biến đổi protein bằng cách gắn thêm các chuỗi đường (glycolysation)?,Ribosome,Peroxisome,Trung thể,Bộ máy Golgi,D,Golgi gắn các gốc đường vào protein để tạo glycoprotein hoàn chỉnh trước khi phân phối.
Thành phần nào quyết định độ vững chắc cơ học của vỏ tế bào vi khuẩn?,Mạng lưới chuỗi peptidoglycan,Lớp lipid đơn,Các phân tử cholesterol,Chuỗi polysaccharide gắn màng,A,Peptidoglycan tạo nên cấu trúc mắt lưới đan xen chịu áp suất thẩm thấu cao bảo vệ vi khuẩn.
Khi ngâm tế bào hồng cầu vào dung dịch ưu trương (như nước muối đậm đặc); hiện tượng gì xảy ra?,Tế bào phồng lên và vỡ,Tế bào bị co lại (mất nước),Tế bào giữ nguyên hình dạng,Tế bào biến thành tế bào vi khuẩn,B,Dung dịch ưu trương kéo nước từ trong hồng cầu ra ngoài làm tế bào bị nhăn nheo co lại.
Bào quan nào giúp tế bào thực vật dự trữ chất dinh dưỡng; muối khoáng và các chất phế thải?,Peroxisome,Lục lạp,Không bào trung tâm,Trung thể,C,Không bào lớn ở thực vật là kho chứa nước; sắc tố; chất dinh dưỡng và cả chất độc xua đuổi động vật ăn lá.
Cấu trúc thoi phân bào được dỡ bỏ ở kì nào của quá trình phân bào?,Kì đầu,Kì giữa,Kì sau,Kì cuối,D,Ở kì cuối – khi nhiễm sắc thể đã về hai cực và màng nhân tái lập; thoi phân bào tiêu biến.
Protein translocon trên màng lưới nội chất có chức năng gì?,Dẫn truyền chuỗi polypeptide đang tổng hợp vào lòng lưới nội chất,Bơm ion Na+ ra khỏi tế bào,Phân hủy protein lỗi,Gắn chuỗi ADN vào màng,A,Translocon là kênh protein giúp chuỗi polypeptide từ ribosome chui vào bên trong xoang lưới nội chất.
Các phân tử phospholipid màng được tổng hợp ở bề mặt nào của lưới nội chất trơn?,Bề mặt bên trong xoang,Bề mặt hướng ra tế bào chất (Cytosolic face),Trên màng nhân,Trên màng bộ máy Golgi,B,Enzyme tổng hợp lipid nằm ở bề mặt tế bào chất của lưới nội chất trơn – sau đó nhờ enzyme flippase lật màng.
Enzyme Flippase có vai trò gì đối với màng sinh học?,Tổng hợp ATP từ ADP,Phân hủy protein màng,Chuyển phân tử phospholipid từ lớp màng này sang lớp màng đối diện,Cắt rời các chuỗi đường,C,Flippase giúp di chuyển phospholipid giữa 2 lớp màng để duy trì sự cân bằng và phát triển màng.
Lớp coatomer (COPI và COPII) tham gia vào quá trình nào?,Bảo vệ màng nhân,Cấu tạo nên vi ống,Phân giải glucose,Tạo vỏ bao bọc các túi vận chuyển giữa lưới nội chất và Golgi,D,Các protein COPII và COPI hình thành túi vận chuyển mầm để đưa chất giữa lưới nội chất và Golgi.
Bào quan nào có chức năng sửa chữa hoặc phân hủy các protein bị biến tính hoặc gấp cuộn sai?,Proteasome,Ribosome,Trung thể,Lục lạp,A,Proteasome là phức hợp protein đảm nhận tiêu hủy các protein lỗi đã gắn nhãn ubiquitin.
Phức hợp Ubiquitin có vai trò gì trong tế bào?,Kích thích nhân đôi ADN,Gắn dấu vào protein lỗi để đánh dấu cho sự phân hủy tại proteasome,Tạo năng lượng ATP,Gắn màng tế bào,B,Ubiquitin đóng vai trò là phân tử đánh dấu các protein cần tiêu hủy.
Chức năng nào sau đây thuộc về vi sợi actin?,Cố định nhân tế bào,Vận chuyển nhiễm sắc thể,Tạo lực co rút cho sự chuyển động amoeba (chân giả),Tổng hợp carbohydrate,C,Sự trùng hợp và giải trùng hợp vi sợi actin tại đầu tiến giúp tế bào hình thành chân giả di chuyển.
Hệ thống nội màng ở tế bào nhân thực KHÔNG bao gồm bào quan nào sau đây?,Bộ máy Golgi,Lưới nội chất hạt,Lysosome,Ty thể và Lục lạp,D,Ty thể và lục lạp là hai bào quan bán tự động có màng kép; không thuộc hệ thống nội màng biến đổi túi.
Thành phần chính cấu tạo nên màng ngoài của vi khuẩn Gram âm là gì?,Lipopolysaccharide (LPS) và phospholipid,Cellulose và pectin,Chitin và peptidoglycan,Protein histone,A,Vi khuẩn Gram âm có màng ngoài chứa Lipopolysaccharide (LPS) có tính độc hại (độc tố nội).
Hiện tượng dung nạp thuốc (tăng sức chống chịu chất độc) liên quan đến sự gia tăng bào quan nào?,Ribosome,Lưới nội chất trơn,Lysosome,Ty thể,B,Khi tiếp xúc thường xuyên với chất độc hoặc thuốc – tế bào gan tăng sinh lưới nội chất trơn để khử độc.
Đoạn chuỗi tín hiệu (Signal peptide) trên protein mới tổng hợp có vai trò gì?,Kích thích phân chia tế bào,Phân hủy protein,Định hướng protein di chuyển đến đúng vị trí bào quan đích (như lưới nội chất),Bảo vệ ADN,C,Chuỗi signal peptide giống như địa chỉ nhận thư – giúp tế bào vận chuyển protein đến đúng chỗ.
Chất môi giới hóa học truyền tin qua khe synapse thần kinh được giải phóng bằng phương thức nào?,Nhập bào,Thẩm thấu,Khuếch tán qua lớp lipid,Xuất bào,D,Túi chứa chất truyền thần kinh dung hợp màng tế bào thần kinh để xuất bào giải phóng chất vào khe synapse.
Thụ thể gắn liên kết ligand trên màng tế bào hoạt động như thế nào?,Tiếp nhận phân tử tín hiệu đặc hiệu và biến đổi hình cấu để truyền tin,Cho mọi chất đi qua tự do,Phân hủy chất tín hiệu lập tức,Chui vào nhân tế bào,A,Khi ligand gắn vào thụ thể – thụ thể đổi hình dạng để khởi động chuỗi truyền tín hiệu nội bào.
Màng sinh chất có tính động phụ thuộc lớn vào yếu tố nào?,Số lượng tế bào xung quanh,Tỉ lệ axit béo không no và cholesterol trong màng,Kích thước của nhân,Số lượng ribosome,B,Axit béo không no có các gấp nếp ngăn cản sự xếp chặt – làm tăng tính động của màng.
Trong môi trường nào thì tế bào hồng cầu giữ nguyên hình dạng đĩa lõm hai mặt?,Nước cất tinh khiết,Dung dịch NaCl 5% (ưu trương),Dung dịch đẳng trương (như NaCl 0.9%),Nước đường rất đậm đặc,C,Dung dịch NaCl 0.9% là dung dịch đẳng trương sinh lý đối với hồng cầu người.
Bào quan nào chứa enzyme Catalase?,Ribosome,Lysosome,Bộ máy Golgi,Peroxisome,D,Catalase là enzyme đặc trưng của peroxisome giúp biến đổi H2O2 thành nước và oxy.
Cấu trúc vi ống được bố trí theo sơ đồ 9+2 xuất hiện ở đâu?,Lông và roi của tế bào nhân thực,Thành tế bào vi khuẩn,Trung thể,Màng sinh chất,A,Lông và roi ở tế bào nhân thực cấu tạo gồm 9 cặp vi ống xung quanh và 2 vi ống đơn ở trung tâm (sơ đồ 9+2).
Cấu trúc trung tử (centriole) gồm các vi ống xếp theo sơ đồ nào?,9 bộ đôi vi ống (9+2),9 bộ ba vi ống xếp thành vòng (9+0),12 vi ống đơn,5 bộ đôi vi ống,B,Mỗi trung tử gồm 9 nhóm vi ống bộ ba xếp thành hình ống tròn (sơ đồ 9+0).
Tính chọn lọc của màng sinh chất có ý nghĩa sinh học quan trọng nào?,Cho phép mọi chất độc đi vào tế bào,Làm tế bào luôn bị phồng lên,Duy trì thành phần môi trường nội bào ổn định khác biệt với bên ngoài,Ngăn cản hoàn toàn sự trao đổi chất,C,Tính thấm chọn lọc giúp tế bào thu nhận chất cần thiết và thải bỏ chất phế thải – duy trì cân bằng nội môi.
Khi xào rau với mỡ và muối; rau bị teo lại và tiết ra nhiều nước. Giải thích nào đúng?,Rau bị chín nên tự biến thành nước,Tế bào rau hút thêm muối nên tăng thể tích,Không bào rau tự vỡ ra do nhiệt,Muối tạo môi trường ưu trương rút nước ra; mỡ làm tăng tính thấm,D,Muối làm dung dịch bên ngoài ưu trương kéo nước trong tế bào ra ngoài.
Chất nào sau đây không thể khuếch tán trực tiếp qua lớp phospholipid kép?,Ion Na+,Khí O2,Khí CO2,Axit béo,A,Ion Na+ mang điện tích và có vỏ hydration bao quanh – bị lớp kị nước đẩy ra nên không qua trực tiếp được.
Sự di chuyển của các chất qua màng sinh chất bằng hình thức xuất bào và nhập bào có điểm chung gì?,Đều là vận chuyển thụ động,Đều tiêu tốn năng lượng ATP và làm biến dạng màng sinh chất,Đều không liên quan đến màng,Đều chỉ xảy ra ở tế bào vi khuẩn,B,Cả hai phương thức đều đòi hỏi sự tái cấu trúc khung xương màng và tiêu hao năng lượng ATP.
Vì sao vi khuẩn chưa có ty thể nhưng vẫn thực hiện được quá trình hô hấp hiếu khí?,Nhờ có nhân tế bào hỗ trợ,Nhờ ribosome tạo ra oxy,Nhờ các enzyme hô hấp đính trên màng sinh chất (gấp nếp tạo mesosome),Nhờ vỏ nhầy hấp thụ năng lượng,C,Màng sinh chất vi khuẩn gấp nếp tạo cấu trúc chứa các enzyme hô hấp tương tự mào ty thể.
Ribosome gắn trên lưới nội chất hạt tổng hợp loại protein nào?,Protein chất nền cơ bản,Protein cho nhân tế bào,Protein cho chất nền ty thể,Protein tiết ra ngoài; protein màng và protein trong lysosome,D,Lưới nội chất hạt chuyên chế tạo protein xuất khẩu ra ngoài; protein gắn màng hoặc bào quan thủy phân.
Ribosome tự do trong tế bào chất chủ yếu tổng hợp loại protein nào?,Protein hoạt động ngay trong chất nền cơ bản,Protein tiết ra ngoại bào,Protein màng sinh chất,Protein cho vỏ nhầy vi khuẩn,A,Ribosome tự do tạo ra các protein hoạt động trực tiếp trong dịch tế bào chất (cytosol).
Thành tế bào thực vật được gắn kết chặt chẽ với nhau nhờ lớp nào nằm giữa hai tế bào?,Màng sinh chất,Phiến giữa (Middle lamella) cấu tạo từ Pectin,Khung xương vi ống,Lớp lipid kép,B,Phiến giữa chứa nhiều keo pectin dán chặt thành tế bào của hai tế bào kề nhau.
Thành phần chính cấu tạo nên chất nền Stroma của lục lạp là gì?,Các hạt diệp lục,Sợi vi ống actin,Enzyme cố định CO2 của chu trình Calvin; ADN vòng và ribosome,Các phức hợp phospholipid,C,Chất nền Stroma chứa đầy các enzyme tan trong nước phục vụ cho tổng hợp đường ở pha tối.
Ty thể có khả năng tổng hợp một số protein cho riêng mình là nhờ bào quan nào bên trong nó?,Lysosome,Peroxisome,Trung thể,Ribosome riêng (70S),D,Ty thể có ADN vòng và ribosome 70S riêng nên có thể tự tổng hợp một số protein nội bào quan.
Lỗ nhân được cấu tạo từ phức hợp protein có tên là gì?,Phức hợp lỗ nhân (Nuclear Pore Complex),Bơm Na-K,Kênh Aquaporin,Thoi phân bào,A,Phức hợp lỗ nhân (NPC) là cấu trúc protein cực lớn điều tiết dòng chất qua màng nhân.
Tế bào tuyến giáp tập trung ion Iốt (I-) với nồng độ cao gấp hàng trăm lần trong máu nhờ phương thức nào?,Khuếch tán thụ động,Vận chuyển chủ động tiêu tốn ATP,Thẩm thấu tự do,Nhập bào,B,Tế bào tuyến giáp dùng bơm chủ động để tích tụ I- ngược độ dốc nồng độ rất lớn từ máu.
Màng sinh chất của tế bào vi khuẩn KHÔNG chứa thành phần nào sau đây?,Phospholipid,Protein xuyên màng,Cholesterol (trừ một số ít mycoplasma),Protein ngoại vi,C,Màng sinh chất vi khuẩn đa số không có cholesterol như tế bào động vật nhân thực.
Peroxisome tham gia vào quá trình oxy hóa chất nào để tạo năng lượng nhiệt?,Phân tử Nước,Tinh bột gấc,Sợi cellulose,Axit béo chuỗi rất dài,D,Peroxisome phân cắt các axit béo chuỗi dài thành chuỗi ngắn hơn trước khi chuyển vào ty thể.
Cấu trúc nào đóng vai trò như chiếc đệm chống lại sự nén cơ học ở tế bào động vật?,Chất nền ngoại bào chứa Proteoglycan,Thành cellulose,Lớp vỏ nhầy,Màng ngoài,A,Mạng lưới proteoglycan giàu ngậm nước trong chất nền ngoại bào chịu lực nén cơ học rất tốt.
Chất nền ngoại bào ở xương người tích tụ khoáng chất nào tạo nên độ cứng?,Sắt oxit,Canxi phosphate (Apatite),Natri clorua,Cacbonat kali,B,Chất nền ngoại bào ở mô xương đọng các tinh thể canxi phosphate tạo nên độ bền cứng chắc.
Bào quan nào đóng vai trò chuyển hóa chất dinh dưỡng thành năng lượng ATP?,Lục lạp,Lysosome,Ty thể,Ribosome,C,Ty thể hô hấp tế bào biến năng lượng hóa học trong đường thành năng lượng ATP.
Hiện tượng tế bào tự nuốt (Autophagy) là quá trình bào quan nào tiêu hóa chính bào quan bị hỏng?,Ty thể tự phân hủy,Ribosome nuốt nhân,Peroxisome tiết ra màng,Lysosome dung hợp với túi chứa bào quan già,D,Bào quan hỏng được bọc túi và dung hợp với lysosome để phân hủy tái sử dụng nguyên liệu.
Chất độc cyanide (xyanua) gây tử vong nhanh chóng do ức chế enzyme nào trong ty thể?,Cytochrome c oxidase (phức hợp IV chuỗi truyền electron),ATP synthase,Enzyme ruBisCO,Enzyme catalase,A,Cyanide gắn chặt vào Cytochrome c oxidase – chặn đứng chuỗi truyền electron làm ngưng sản xuất ATP.
Tế bào động vật duy trì hình dạng nhờ cấu trúc chính nào?,Thành tế bào cứng,Khung xương tế bào (Microtubule; Microfilament; Intermediate filament),Không bào lớn,Vỏ nhầy,B,Tế bào động vật không có thành cứng – hình dạng được giữ vững nhờ mạng lưới khung xương tế bào nội bào.
Bào quan nào sau đây đóng vai trò chính trong sự định hướng di chuyển của nhiễm sắc thể?,Peroxisome,Không bào,Trung thể,Lysosome,C,Trung thể tạo thoi phân bào gắn vào tâm động nhiễm sắc thể để kéo chúng về 2 cực.
Đặc điểm nào của màng sinh chất giúp tế bào có thể thực hiện được hiện tượng nhập bào?,Độ cứng cáp của lớp peptidoglycan,Sự cố định cứng đờ của protein,Sự vắng bóng hoàn toàn của màng,Tính linh hoạt và động của lớp lipid kép cùng khung xương,D,Độ linh động của lớp lipid kép cho phép màng tự hõm vào; đứt ra và hàn gắn tạo thành túi nhập bào.
Nếu một tế bào có tốc độ tổng hợp protein rất cao; tế bào đó sẽ chứa nhiều cấu trúc nào?,Ribosome và nhân con phát triển,Không bào trung tâm lớn,Nhiều vỏ nhầy,Nhiều peptidoglycan,A,Tổng hợp protein mạnh đòi hỏi số lượng cực lớn ribosome – kéo theo nhân con phải hoạt động mạnh để tạo rARN.
Chức năng của glycoprotein đánh dấu bề mặt tế bào bị suy giảm sẽ dẫn đến hậu quả gì?,Tế bào dừng hô hấp lập tức,Hệ miễn dịch khó phân biệt tế bào nhà và tế bào lạ,Tế bào không thể hấp thụ nước,Thành tế bào bị nứt,B,Dấu chuẩn glycoprotein bị sai hỏng khiến hệ miễn dịch có thể tấn công nhầm chính tế bào cơ thể.
Bào quan nào trong tế bào hạt phấn thực vật chứa nhiều enzyme phân giải để hỗ trợ sự thụ tinh?,Lục lạp,Trung thể,Túi Golgi / Lysosome chuyên hóa,Không bào khí,C,Túi tiết chứa enzyme thủy phân từ Golgi giúp ống phấn đâm xuyên qua vòi nhụy.
Loại liên kết nào giữ các phân tử phospholipid xếp thành lớp kép trong môi trường nước?,Liên kết cộng hóa trị bền,Liên kết ion mạnh,Liên kết kim loại,Tương tác kị nước giữa các đuôi axit béo,D,Các đuôi kị nước tránh nước bằng cách cụm lại với nhau tạo tương tác kị nước hình thành lớp kép.
Nhờ đâu các phân tử Glucose kích thước lớn vẫn vào được tế bào cơ dễ dàng theo chiều nồng độ?,Nhờ các kênh protein vận chuyển Glucose (GLUT) khuếch tán tăng cường,Khuếch tán tự do qua lipid,Thẩm thấu cùng phân tử nước,Thực bào tế bào cơ,A,Các protein mang GLUT trên màng biến đổi hình dạng đưa glucose qua màng theo khuếch tán tăng cường.
Khí Oxy di chuyển từ phế nang phổi vào máu theo cơ chế nào?,Vận chuyển chủ động cần ATP,Khuếch tán đơn giản do chênh lệch phân áp khí O2,Ẩm bào túi màng,Bơm Na+-K+,B,O2 là phân tử nhỏ không phân cực – khuếch tán thụ động đơn giản từ nơi áp suất cao (phế nang) vào máu.
Quá trình tự thực (Autophagy) có vai trò sinh học quan trọng nào đối với cơ thể?,Tăng gấp đôi kích thước tế bào,Tạo ra vi khuẩn mới,Dọn dẹp bào quan hỏng; tái sử dụng nguyên liệu và chống lão hóa tế bào,Tiêu diệt hoàn toàn tế bào khỏe mạnh,C,Tự thực giúp tế bào tái chế thành phần hư cũ – duy trì sức khỏe nội bào và chống thoái hóa.
Tế bào nhân thực (Eukaryote) và Tế bào nhân sơ (Prokaryote) ĐỀU sở hữu cấu trúc nào sau đây?,Màng nhân; Ty thể; Lục lạp; Khung xương,Bộ máy Golgi; Lưới nội chất; Màng nhân,Trung thể; Lysosome; Thành cellulose,Màng sinh chất; Tế bào chất; Ribosome và Vật chất di truyền (ADN),D,Mọi tế bào sống trên Trái Đất đều bao gồm 4 thành phần cơ bản: Màng sinh chất; Tế bào chất; Ribosome và ADN.
