CauHoiID,BaiID,MucDo,"NoiDung",HinhAnh,"DapAnA","DapAnB","DapAnC","DapAnD",DapAnDung,"GiaiThich","MeoGhiNho",TrangThai,GiaoVienID,LoaiCauHoi,DapAnTuLuanMau,NguonTao,NgayTao
SH9-B36-01,B36,De,"Di truyền học là ngành khoa học nghiên cứu hiện tượng gì?",,"Sự trao đổi chất ở tế bào","Quang hợp của thực vật","Tính di truyền và biến dị của sinh vật","Tuần hoàn máu ở động vật",C,"Di truyền học nghiên cứu tính di truyền, biến dị và quy luật di truyền của sinh vật.","Di truyền học = di truyền + biến dị.",1,GV001,TracNghiem,,SGK-KNTT9,2026-10-01
SH9-B36-02,B36,De,"Nucleic acid gồm những loại nào?",,"DNA và RNA","Protein và lipid","Glucôzơ và lipit","Vitamin và muối khoáng",A,"Nucleic acid gồm DNA và RNA, là vật chất di truyền ở cấp độ phân tử.","DNA + RNA = 2 loại nucleic acid.",1,GV001,TracNghiem,,SGK-KNTT9,2026-10-01
SH9-B36-03,B36,De,"Biến dị là hiện tượng:",,"Con sinh ra giống hệt bố mẹ","Xuất hiện sự khác biệt về đặc điểm giữa các cá thể trong nội bộ loài","Tế bào phân chia nguyên phân","DNA tự tái bản",B,"Biến dị là sự biến đổi đặc điểm, tính trạng làm cá thể này khác cá thể khác trong cùng loài.","Khác nhau giữa các cá thể cùng loài = biến dị.",1,GV001,TracNghiem,,SGK-KNTT9,2026-10-01
SH9-B36-04,B36,TrungBinh,"Tính di truyền giúp sinh vật:",,"Duy trì sự ổn định đặc điểm của loài qua các thế hệ","Ngay lập tức thay đổi hoàn toàn để thích nghi","Mất dần mọi đặc điểm vốn có","Không còn quan hệ họ hàng",A,"Nhờ di truyền, con sinh ra mang đặc điểm của bố mẹ nên tính trạng loài được bảo toàn qua nhiều thế hệ.","Di truyền = giữ nguyên bản qua thế hệ.",1,GV001,TracNghiem,,SGK-KNTT9,2026-10-01
SH9-B36-05,B36,TrungBinh,"Biến dị di truyền xuất phát từ:",,"Chế độ ăn uống hằng ngày","Tập luyện thể thao","Yếu tố môi trường không tác động vào cơ thể","Sự biến đổi vật chất di truyền (DNA, gene, NST)",D,"Chỉ khi vật chất di truyền biến đổi thì biến dị mới được truyền cho đời sau.","Biến dị di truyền phải tác động vào DNA/NST.",1,GV001,TracNghiem,,SGK-KNTT9,2026-10-01
SH9-B36-06,B36,TrungBinh,"Ứng dụng nào KHÔNG thuộc lĩnh vực di truyền học?",,"Sản xuất vắc-xin bằng công nghệ gen","Tư vấn, chẩn đoán bệnh di truyền","Sửa chữa động cơ ô tô","Chọn tạo giống cây trồng, vật nuôi",C,"Sửa chữa ô tô thuộc lĩnh vực cơ khí, không liên quan đến di truyền học.","Gặp câu có KHÔNG – tìm đáp án khác ngành.",1,GV001,TracNghiem,,SGK-KNTT9,2026-10-01
SH9-B36-07,B36,TrungBinh,"Đơn vị cấu tạo và chức năng cơ bản của cơ thể sống là:",,"Tế bào","Nguyên tử","Phân tử nước","Hệ cơ quan",A,"Vật chất di truyền nằm trong tế bào nên tế bào là đơn vị cơ bản mà di truyền học tiếp cận.","Tế bào = đơn vị của sự sống.",1,GV001,TracNghiem,,SGK-KNTT9,2026-10-01
SH9-B36-08,B36,Kho,"Nhận định đúng về mối quan hệ giữa di truyền và biến dị:",,"Di truyền và biến dị loại trừ lẫn nhau","Di truyền giữ ổn định loài, biến dị tạo sự đa dạng và vật liệu cho tiến hóa","Biến dị luôn có hại cho sinh vật","Di truyền chỉ diễn ra ở cấp độ phân tử",B,"Di truyền bảo toàn đặc điểm loài; biến dị làm quần thể đa dạng, là cơ sở của chọn giống và tiến hóa.","Ổn định nhờ di truyền – đa dạng nhờ biến dị.",1,GV001,TracNghiem,,SGK-KNTT9,2026-10-01
SH9-B36-09,B36,Kho,"Một người mắc bệnh do đột biến gene và truyền bệnh cho con. Điều đó chứng tỏ:",,"Đây là biến dị di truyền do vật chất di truyền bị biến đổi","Đây là biến dị không di truyền","Bệnh chỉ do môi trường gây ra","Gene không nằm trên nhiễm sắc thể",A,"Đột biến nằm trong DNA/gene của tế bào sinh dục nên được truyền qua sinh sản – đó là biến dị di truyền.","Truyền được cho con = di truyền được.",1,GV001,TracNghiem,,SGK-KNTT9,2026-10-01
SH9-B36-10,B36,Boss,"Gia đình có bố mẹ bình thường nhưng sinh con mắc bệnh di truyền. Lời khuyên đúng nhất là:",,"Bệnh tự khỏi, không cần xét nghiệm","Chắc chắn mọi người con sau đều mắc bệnh","Đến bác sĩ tư vấn di truyền: lập phả hệ, xét nghiệm gene để xác định nguy cơ cho người con sau","Đây là bệnh truyền nhiễm, cần cách ly",C,"Tư vấn di truyền dựa vào phả hệ và xét nghiệm gene để ước tính xác suất mắc bệnh của đời sau.","Bệnh di truyền → tư vấn phả hệ + gene, không phải cách ly.",1,GV001,TracNghiem,,SGK-KNTT9,2026-10-01
SH9-B37-01,B37,De,"Mendel đã chọn vật liệu nghiên cứu cho các thí nghiệm lai là:",,"Cây đậu hà lan","Ruồi giấm","Cây ngô","Chuột trắng",A,"Đậu hà lan tự thụ phấn, có nhiều cặp tính trạng tương phản rõ ràng, dễ trồng và theo dõi.","Mendel – đậu hà lan.",1,GV001,TracNghiem,,SGK-KNTT9,2026-10-01
SH9-B37-02,B37,De,"Lai 2 dòng đậu thuần khác nhau về 1 cặp tính trạng tương phản, F1 thu được:",,"Nửa giống bố, nửa giống mẹ","Đồng nhất và mang tính trạng của bên trội","Toàn bộ mang tính trạng lặn","Cá thể khác nhau tùy vật liệu",B,"Quy luật 1 (tính trội hoàn toàn): F1 thuần nhất, đều biểu hiện tính trạng trội.","Luật 1 = F1 đồng nhất.",1,GV001,TracNghiem,,SGK-KNTT9,2026-10-01
SH9-B37-03,B37,De,"F2 phân ly kiểu hình theo tỉ lệ 9:3:3:1 là nội dung của quy luật nào khi lai 2 cặp tính trạng?",,"Quy luật tính trội hoàn toàn","Quy luật phân ly","Quy luật phân ly độc lập","Quy luật tương tác gene",C,"Lai 2 cặp tính trạng với gene nằm trên các cặp NST khác nhau thì F2 phân ly kiểu hình 9:3:3:1.","1 cặp → 3:1; 2 cặp → 9:3:3:1.",1,GV001,TracNghiem,,SGK-KNTT9,2026-10-01
SH9-B37-04,B37,TrungBinh,"Kiểu gen đồng hợp là kiểu gen có:",,"Hai allele giống nhau","Hai allele khác nhau","Chỉ có một allele","Ba allele trở lên",A,"Đồng hợp (AA hoặc aa): 2 allele giống nhau; dị hợp (Aa): 2 allele khác nhau.","Đồng hợp = giống nhau, dị hợp = khác nhau.",1,GV001,TracNghiem,,SGK-KNTT9,2026-10-01
SH9-B37-05,B37,TrungBinh,"Kiểu gen Aa (trội hoàn toàn) biểu hiện kiểu hình:",,"Luôn mang tính trạng lặn","Tính trạng trội do allele A quy định","Trung gian giữa 2 bố mẹ","Không biểu hiện tính trạng nào",B,"Allele trội A át chế allele lặn a nên Aa biểu hiện tính trạng trội.","Có allele hoa (A) là hiện trội.",1,GV001,TracNghiem,,SGK-KNTT9,2026-10-01
SH9-B37-06,B37,TrungBinh,"Lai phân tích Aa × aa cho tỉ lệ kiểu hình:",,"100% trội","3:1","1:1","9:3:3:1",C,"Aa tạo giao tử A, a; aa chỉ tạo giao tử a → đời sau 50% Aa (trội) : 50% aa (lặn).","Lai phân tích ra 1:1 → dị hợp; ra 100% → thuần.",1,GV001,TracNghiem,,SGK-KNTT9,2026-10-01
SH9-B37-07,B37,TrungBinh,"Quy luật phân ly độc lập áp dụng khi:",,"Các cặp gene nằm trên các cặp NST thường khác nhau","Các gene nằm trên cùng 1 NST","Gene nằm trên NST giới tính","Gene tương tác đa hiệu",A,"Khi các cặp gene nằm trên các cặp NST tương đồng khác nhau, chúng phân ly độc lập trong giảm phân.","Khác NST → phân ly độc lập.",1,GV001,TracNghiem,,SGK-KNTT9,2026-10-01
SH9-B37-08,B37,Kho,"Lai AaBb × AaBb (trội hoàn toàn, gene độc lập), tỉ lệ kiểu gen AABB ở F2 là:",,"9/16","1/4","1/8","1/16",D,"Xác suất AA = 1/4, BB = 1/4 nên AABB = 1/4 × 1/4 = 1/16.","AABB = (1/4) × (1/4) = 1/16.",1,GV001,TracNghiem,,SGK-KNTT9,2026-10-01
SH9-B37-09,B37,Kho,"P: AABB × aabb. F1 có kiểu gen và kiểu hình:",,"AaBb, biểu hiện cả 2 tính trạng trội","AaBb, biểu hiện cả 2 tính trạng lặn","AABB, biểu hiện cả 2 tính trạng trội","aabb, biểu hiện cả 2 tính trạng lặn",A,"F1 nhận A, B từ bố mẹ 1 và a, b từ bố mẹ 2 → AaBb, biểu hiện 2 tính trạng trội.","F1 gộp allele của cả 2 bên.",1,GV001,TracNghiem,,SGK-KNTT9,2026-10-01
SH9-B37-10,B37,Boss,"Tỉ lệ kiểu hình ở phép lai AaBb × aabb (gene độc lập, trội hoàn toàn):",,"9:3:3:1","3:1","1:1:1:1","12:3:1",C,"AaBb tạo 4 loại giao tử ngang nhau; aabb chỉ tạo 1 loại giao tử → 4 kiểu hình đều 1/4.","Dị hợp kép × thuần lặn kép → 1:1:1:1.",1,GV001,TracNghiem,,SGK-KNTT9,2026-10-01
SH9-B38-01,B38,De,"DNA gồm 4 loại nuclêôtit nào?",,"A, U, G, X","A, T, G, X","A, U, G, C","U, T, G, X",B,"DNA: A (adenin), T (thymin), G (guanin), X (xitôzin). RNA thay T bằng U.","DNA có T – RNA có U.",1,GV001,TracNghiem,,SGK-KNTT9,2026-10-01
SH9-B38-02,B38,De,"Theo quy tắc bổ sung trong phân tử DNA:",,"A liên kết với G","A liên kết 2 liên kết hiđrô với T","T liên kết 3 liên kết hiđrô với X","G liên kết với U",B,"A = T (2 liên kết hiđrô), G ≡ X (3 liên kết hiđrô).","A–T yếu hơn G–X (2 và 3 liên kết hiđrô).",1,GV001,TracNghiem,,SGK-KNTT9,2026-10-01
SH9-B38-03,B38,De,"Mỗi nuclêôtit (nu) gồm:",,"Đường pentôza + gốc photphoric + base nitơ","Đường + protein","Base + lipid","Protein + photpho",A,"Nu = đường deoxyriboza (pentôza) + gốc photphoric + base nitơ (A/T/G/X).","Nu = đường + photpho + base.",1,GV001,TracNghiem,,SGK-KNTT9,2026-10-01
SH9-B38-04,B38,TrungBinh,"Gene là:",,"Toàn bộ DNA của tế bào","Một loại protein","Một đoạn DNA mang thông tin mã hóa một sản phẩm (chuỗi pôlipeptit hoặc RNA)","Một phần của ribôxôm",C,"Gene là đoạn phân tử DNA có chức năng xác định, mã hóa một chuỗi pôlipeptit hoặc một loại RNA.","Gene = đoạn DNA có việc phải làm.",1,GV001,TracNghiem,,SGK-KNTT9,2026-10-01
SH9-B38-05,B38,TrungBinh,"Bộ gene (genome) của một loài là:",,"Một gene duy nhất","Toàn bộ DNA (vật chất di truyền) đặc trưng của loài đó","Chỉ các gene nằm trên NST giới tính","Tập hợp protein của tế bào",B,"Genome là toàn bộ thông tin di truyền (toàn bộ DNA) đặc trưng cho loài.","Genome = toàn kho gene của loài.",1,GV001,TracNghiem,,SGK-KNTT9,2026-10-01
SH9-B38-06,B38,TrungBinh,"Người có bộ NST lưỡng bội 2n = 46; mỗi NST chưa nhân đôi chứa:",,"2 phân tử DNA","1 phân tử DNA","46 phân tử DNA","Không chứa DNA",B,"Mỗi NST chưa nhân đôi gồm 1 phân tử DNA xoắn kép; nên tế bào soma người có 46 phân tử DNA.","1 NST chưa nhân đôi = 1 phân tử DNA.",1,GV001,TracNghiem,,SGK-KNTT9,2026-10-01
SH9-B38-07,B38,TrungBinh,"Hai mạch của phân tử DNA liên kết với nhau theo:",,"Nguyên tắc bổ sung (A–T, G–X)","Nguyên tắc phân ly","Nguyên tắc đa dạng","Ngẫu nhiên, không theo quy luật",A,"Hai mạch bắt cặp theo nguyên tắc bổ sung và chạy ngược chiều nhau (phản song song).","Bổ sung: A–T, G–X; 2 mạch ngược chiều.",1,GV001,TracNghiem,,SGK-KNTT9,2026-10-01
SH9-B38-08,B38,Kho,"Một phân tử DNA có 3000 liên kết hiđrô và số nu loại A là 600. Tổng số nu của phân tử DNA đó là:",,"3000 nu","4800 nu","2400 nu","1200 nu",C,"Số liên kết hiđrô = 2A + 3G → 2×600 + 3G = 3000 → G = 600. Tổng nu = 2(A + G) = 2×1200 = 2400 nu.","Liên kết H = 2A + 3G; tổng nu = 2(A + G).",1,GV001,TracNghiem,,SGK-KNTT9,2026-10-01
SH9-B38-09,B38,Kho,"Gene dài 903 bp (không xét mã kết thúc) mã hóa tối đa chuỗi pôlipeptit gồm:",,"903 axit amin","301 axit amin","300 axit amin","303 axit amin",B,"Mỗi bộ ba nu (3 bp) mã hóa 1 axit amin → 903 : 3 = 301 axit amin.","3 nu = 1 axit amin.",1,GV001,TracNghiem,,SGK-KNTT9,2026-10-01
SH9-B38-10,B38,Boss,"Trong DNA của người, nu loại A chiếm 30%. Tỉ lệ nu loại G là:",,"30%","40%","10%","20%",D,"A = T = 30% → A + T = 60% → G + X = 40% → G = X = 20%.","A+T hết 60%, phần còn lại chia đôi cho G và X.",1,GV001,TracNghiem,,SGK-KNTT9,2026-10-01
SH9-B39-01,B39,De,"Tái bản (nhân đôi) DNA diễn ra ở:",,"Kì đầu nguyên phân","Pha S của kì trung gian","Kì giữa nguyên phân","Kì cuối giảm phân",B,"DNA tự nhân đôi trong pha S (pha tổng hợp) của kì trung gian, trước khi tế bào phân chia.","S = Synthesis = pha nhân đôi DNA.",1,GV001,TracNghiem,,SGK-KNTT9,2026-10-01
SH9-B39-02,B39,De,"Tái bản DNA diễn ra theo nguyên tắc:",,"Bảo thủ hoàn toàn","Phân tán","Bán bảo thủ","Ngẫu nhiên",C,"Mỗi DNA con có 1 mạch gốc (mẹ) + 1 mạch mới tổng hợp → bán bảo thủ.","Bán bảo thủ = nửa cũ + nửa mới.",1,GV001,TracNghiem,,SGK-KNTT9,2026-10-01
SH9-B39-03,B39,De,"Enzyme trực tiếp lắp ráp nu mới tạo mạch con trong tái bản là:",,"ARN pôlymeraza","Prôtêaza","Amilaza","DNA pôlymeraza",D,"DNA pôlymeraza đọc mạch khuôn và lắp các nu bổ sung tạo mạch mới.","Tái bản DNA → DNA pôlymeraza.",1,GV001,TracNghiem,,SGK-KNTT9,2026-10-01
SH9-B39-04,B39,TrungBinh,"Phiên mã là quá trình:",,"Tổng hợp RNA theo khuôn của DNA","Tổng hợp DNA theo khuôn của RNA","Tổng hợp protein trên ribôxôm","Nhân đôi nhiễm sắc thể",A,"Phiên mã: 1 đoạn DNA làm khuôn tổng hợp mARN theo nguyên tắc bổ sung (A–U, T–A, G–X).","Phiên mã = chép DNA ra RNA.",1,GV001,TracNghiem,,SGK-KNTT9,2026-10-01
SH9-B39-05,B39,TrungBinh,"Ở sinh vật nhân sơ, mARN vừa phiên mã xong sẽ:",,"Được đưa vào nhân để bảo quản","Phải cắt bỏ intron trước","Được dịch mã ngay trên ribôxôm","Gắn vào NST để lưu trữ",C,"Sinh vật nhân sơ không có nhân xác định nên mARN chuyển ngay sang ribôxôm để dịch mã.","Nhân sơ – dịch mã luôn; nhân thực – phải chế biến.",1,GV001,TracNghiem,,SGK-KNTT9,2026-10-01
SH9-B39-06,B39,TrungBinh,"Mạch khuôn DNA 3′–TAC–GGA–5′ phiên mã cho mARN:",,"5′–AUG–CCU–3′","3′–ATG–CCT–5′","5′–UTC–GGU–3′","5′–TAC–GGA–3′",A,"A→U, T→A, G→C (mARN không có T mà có U); mARN được viết theo chiều 5′→3′.","DNA → RNA: T đổi thành U.",1,GV001,TracNghiem,,SGK-KNTT9,2026-10-01
SH9-B39-07,B39,TrungBinh,"Từ một gene, trong quá trình phiên mã có thể tạo ra:",,"Chỉ 1 phân tử mARN","Không tạo ra mARN","Nhiều phân tử mARN giống nhau","Đúng 2 phân tử mARN",C,"Nhiều ARN pôlymeraza có thể cùng đọc một gene → tạo nhiều bản mARN cùng lúc.","1 gene – nhiều bản chép.",1,GV001,TracNghiem,,SGK-KNTT9,2026-10-01
SH9-B39-08,B39,Kho,"Chức năng của mARN là:",,"Vận chuyển axit amin đến ribôxôm","Tạo nên ribôxôm","Làm khuôn để tái bản DNA","Mang thông tin mã hóa axit amin từ DNA đến ribôxôm",D,"mARN chép thông tin của gene và chuyển đến ribôxôm; tARN vận chuyển aa; rARN tạo ribôxôm.","m = thông tin, t = vận chuyển, r = ribôxôm.",1,GV001,TracNghiem,,SGK-KNTT9,2026-10-01
SH9-B39-09,B39,Kho,"Gene có 1500 bp, mạch 1 chứa A = 300, G = 450. mARN phiên mã từ mạch 1 có tổng số U và C là:",,"750","1500","300","450",A,"U đối bổ A, C đối bổ G trên mạch khuôn → U + C = A + G (mạch khuôn) = 300 + 450 = 750.","mARN đối chiếu mạch khuôn: U↔A, C↔G.",1,GV001,TracNghiem,,SGK-KNTT9,2026-10-01
SH9-B39-10,B39,Boss,"Gene dài 510 bp (không xét mã kết thúc). Chuỗi pôlipeptit tối đa do gene quy định gồm:",,"510 axit amin","170 axit amin","169 axit amin","255 axit amin",B,"Số axit amin tối đa = số bộ ba = 510 : 3 = 170 axit amin.","bp : 3 = số axit amin.",1,GV001,TracNghiem,,SGK-KNTT9,2026-10-01
SH9-B40-01,B40,De,"Dịch mã (tổng hợp protein) diễn ra tại:",,"Ribôxôm","Nhân tế bào","Ti thể","Lục lạp",A,"Ribôxôm là nơi mARN được đọc và lắp chuỗi axit amin thành protein.","Ribôxôm = xưởng lắp ráp protein.",1,GV001,TracNghiem,,SGK-KNTT9,2026-10-01
SH9-B40-02,B40,De,"Bộ ba nu trên mARN mã hóa 1 axit amin được gọi là:",,"Anticôđôn","Mã tử (côđôn)","Nuclêôzôm","Base đơn",B,"Côđôn là bộ ba nu trên mARN; anticôđôn là bộ ba đối ứng trên tARN.","Côđôn trên mARN – anticôđôn trên tARN.",1,GV001,TracNghiem,,SGK-KNTT9,2026-10-01
SH9-B40-03,B40,De,"Số lượng loại mã tử trong bảng mã di truyền là:",,"20","61","64","3",C,"4 loại nu tổ hợp 3 = 4³ = 64 mã tử; 3 mã kết thúc và 61 mã có nghĩa.","4³ = 64 mã tử.",1,GV001,TracNghiem,,SGK-KNTT9,2026-10-01
SH9-B40-04,B40,TrungBinh,"tARN có nhiệm vụ:",,"Vận chuyển axit amin đến ribôxôm","Chứa thông tin di truyền của gene","Tạo mạch DNA mới","Phân giải protein",A,"tARN mang axit amin đúng loại đến ribôxôm, anticôđôn khớp với côđôn trên mARN.","t = transfer = vận chuyển.",1,GV001,TracNghiem,,SGK-KNTT9,2026-10-01
SH9-B40-05,B40,TrungBinh,"Mã di truyền có tính đặc hiệu nghĩa là:",,"Một mã tử chỉ mã hóa một loại axit amin","Một mã tử mã hóa nhiều loại axit amin","Mỗi axit amin chỉ có đúng 1 mã tử","Mã tử thay đổi theo từng cơ thể",A,"Tính đặc hiệu: 1 côđôn chỉ xác định 1 loại aa; ngược lại 1 aa có thể do nhiều côđôn mã hóa.","Đặc hiệu = 1 mã tử : 1 aa.",1,GV001,TracNghiem,,SGK-KNTT9,2026-10-01
SH9-B40-06,B40,TrungBinh,"Mã di truyền được đọc theo đặc điểm nào sau đây?",,"Đọc theo bộ ba, liên tục, không chồng gạch và không cách quãng","Đọc từng nu một","Đọc chồng lên nhau","Đọc ngẫu nhiên tùy từng cơ thể",A,"Ba nu liền nhau tạo 1 côđôn; các côđôn được đọc liên tục từ mã khởi đầu đến mã kết thúc.","Bộ ba – liên tục – không chồng.",1,GV001,TracNghiem,,SGK-KNTT9,2026-10-01
SH9-B40-07,B40,TrungBinh,"Tính phổ biến của mã di truyền thể hiện ở chỗ:",,"Mọi sinh vật đều dùng chung một bộ mã di truyền","Mỗi loài có một bộ mã riêng","Chỉ động vật mới có mã di truyền","Mã di truyền thay đổi theo môi trường sống",A,"Từ vi khuẩn đến người đều dùng chung bộ mã 64 mã tử nên chuyển gene giữa các loài thành công.","Từ vi khuẩn đến người – chung 1 từ điển.",1,GV001,TracNghiem,,SGK-KNTT9,2026-10-01
SH9-B40-08,B40,Kho,"Một mARN dài 15 nu (không có mã kết thúc) mã hóa:",,"15 axit amin","5 axit amin","45 axit amin","3 axit amin",B,"15 nu : 3 = 5 côđôn → 5 axit amin.","nu : 3 = số axit amin.",1,GV001,TracNghiem,,SGK-KNTT9,2026-10-01
SH9-B40-09,B40,Kho,"Trình tự đúng của dòng thông tin di truyền là:",,"Gene → mARN → protein → tính trạng","Protein → gene → tính trạng","mARN → DNA → protein","Tính trạng → gene → protein",A,"DNA phiên mã ra mARN, mARN dịch mã thành protein, protein thể hiện tính trạng.","Gene → RNA → protein → tính trạng.",1,GV001,TracNghiem,,SGK-KNTT9,2026-10-01
SH9-B40-10,B40,Boss,"Đột biến thay thế 1 nu có thể không làm thay đổi axit amin trong chuỗi protein vì:",,"Ribôxôm đọc sai mã","tARN gắn nhầm axit amin","DNA tự sửa lỗi ngay","Mã di truyền có tính thoái hóa (nhiều mã tử cùng mã hóa 1 aa)",D,"Nhiều mã tử khác nhau cùng mã hóa 1 loại aa nên thay thế có thể tạo mã tử đồng nghĩa (đột biến im lặng).","1 aa – nhiều mã tử → đột biến im lặng.",1,GV001,TracNghiem,,SGK-KNTT9,2026-10-01
SH9-B41-01,B41,De,"Đột biến gene là sự biến đổi:",,"Cấu trúc của một gene (đoạn DNA)","Số lượng NST","Cấu trúc NST","Môi trường sống",A,"Đột biến gene là biến đổi trong đoạn DNA của một gene (thay thế, thêm, mất nucleotit).","Gene → đột biến gene; NST → đột biến NST.",1,GV001,TracNghiem,,SGK-KNTT9,2026-10-01
SH9-B41-02,B41,De,"Dạng đột biến gene phổ biến nhất là:",,"Đảo đoạn","Thay thế 1 cặp nucleotit","Lặp đoạn","Chuyển đoạn",B,"Đột biến điểm gồm thay thế, thêm, mất cặp nu; trong đó thay thế là phổ biến nhất.","Đột biến điểm: thay – thêm – mất.",1,GV001,TracNghiem,,SGK-KNTT9,2026-10-01
SH9-B41-03,B41,De,"Bệnh bạc trắng (bạch tạng) do đột biến gene khiến cơ thể không tổng hợp được:",,"Melanin","Hemoglobin","Insulin","Collagen",A,"Đột biến làm enzyme tổng hợp melanin không hoạt động → da, tóc, mắt trắng.","Bạc trắng = thiếu melanin.",1,GV001,TracNghiem,,SGK-KNTT9,2026-10-01
SH9-B41-04,B41,TrungBinh,"Đột biến điểm gồm các dạng:",,"Thay thế, thêm (chèn), mất 1 cặp nucleotit","Mất đoạn, lặp đoạn, đảo đoạn","Thể ba, thể một, tam bội","Đa bội hóa toàn bộ bộ NST",A,"Đột biến điểm xảy ra ở mức 1 cặp nu; các dạng còn lại thuộc đột biến NST.","Điểm = thay/thêm/mất 1 cặp nu.",1,GV001,TracNghiem,,SGK-KNTT9,2026-10-01
SH9-B41-05,B41,TrungBinh,"Đột biến thêm hoặc mất 1 cặp nucleotit thường gây hậu quả:",,"Làm dịch chuyển khung đọc mã → chuỗi axit amin biến đổi mạnh","Chỉ thay đổi 1 axit amin","Không ảnh hưởng đến protein","Làm mất toàn bộ gene",A,"Thêm/mất 1 cặp nu làm toàn bộ khung đọc dịch chuyển từ vị trí đó → nhiều axit amin sai.","Thêm/mất 1 nu = dịch cả khung đọc.",1,GV001,TracNghiem,,SGK-KNTT9,2026-10-01
SH9-B41-06,B41,TrungBinh,"Đột biến thay thế 1 cặp nucleotit thường:",,"Làm mất cả gene","Chỉ làm thay đổi 1 axit amin hoặc không thay đổi","Dịch chuyển khung đọc toàn bộ","Nhân đôi gene",B,"Thay thế chỉ ảnh hưởng 1 mã tử; nếu mã tử mới cùng mã hóa aa cũ thì protein không đổi.","Thay thế ít thiệt hại hơn thêm/mất.",1,GV001,TracNghiem,,SGK-KNTT9,2026-10-01
SH9-B41-07,B41,TrungBinh,"Tác nhân nào có thể gây đột biến gene?",,"Tia cực tím, tia X, hóa chất độc hại","Nước lọc","Ánh nến","Âm thanh",A,"Các tác nhân vật lý (tia UV, tia X), hóa chất và sinh học có thể cảm ứng đột biến.","Đột biến cảm ứng: tia + hóa chất.",1,GV001,TracNghiem,,SGK-KNTT9,2026-10-01
SH9-B41-08,B41,Kho,"Gene gốc dài 1800 bp bị đột biến mất 1 cặp nucleotit. Gene đột biến dài:",,"1799 bp","1798 bp","1800 bp","1802 bp",B,"Mất 1 cặp nu = mất 2 nucleotit → 1800 − 2 = 1798 bp.","1 cặp nu = 2 bp.",1,GV001,TracNghiem,,SGK-KNTT9,2026-10-01
SH9-B41-09,B41,Kho,"Phát biểu đúng về đột biến trội:",,"Biểu hiện ngay ở thể dị hợp nên dễ phát hiện qua phép lai","Chỉ biểu hiện ở F2","Không thể di truyền","Không bao giờ phát hiện được",A,"Đột biến trội biểu hiện ở cá thể dị hợp nên khi lai với kiểu gen thường, F1 đã xuất hiện kiểu hình đột biến.","Trội – lộ ngay ở dị hợp.",1,GV001,TracNghiem,,SGK-KNTT9,2026-10-01
SH9-B41-10,B41,Boss,"Vai trò của đột biến gene trong tự nhiên là:",,"Chỉ gây hại, hoàn toàn vô dụng","Luôn có lợi cho cơ thể","Không ảnh hưởng đến tiến hóa","Cung cấp vật liệu nguyên thủy cho chọn giống và tiến hóa, một số gây hại cho cơ thể",D,"Đột biến trung tính hoặc hữu ích tạo biến dị cho chọn giống và tiến hóa; đột biến có hại gây bệnh di truyền.","Đột biến = nguyên liệu của tiến hóa.",1,GV001,TracNghiem,,SGK-KNTT9,2026-10-01
SH9-B42-01,B42,De,"Nhiễm sắc thể (NST) được cấu tạo chủ yếu từ:",,"DNA và protein histon","RNA và lipid","Chỉ protein","Chỉ glucôzơ",A,"NST gồm DNA + protein histon (chủ yếu) và protein không histon.","NST = DNA + histon.",1,GV001,TracNghiem,,SGK-KNTT9,2026-10-01
SH9-B42-02,B42,De,"Bộ NST lưỡng bội của người là:",,"2n = 46","2n = 48","2n = 23","2n = 44",A,"Người có 23 cặp = 46 NST trong tế bào soma.","23 cặp × 2 = 46.",1,GV001,TracNghiem,,SGK-KNTT9,2026-10-01
SH9-B42-03,B42,De,"Ở người, cặp NST giới tính gồm:",,"X và Y","Hai NST X ở cả 2 giới","Hai NST Y ở cả 2 giới","Không có NST giới tính",A,"Con cái: XX; con đực: XY.","Nữ XX – nam XY.",1,GV001,TracNghiem,,SGK-KNTT9,2026-10-01
SH9-B42-04,B42,TrungBinh,"Tính trạng do gene nằm trên NST thường di truyền:",,"Theo quy luật Mendel, không gắn với giới tính","Luôn chỉ truyền cho con trai","Luôn chỉ truyền cho con gái","Không theo quy luật nào",A,"Gene trên NST thường di truyền theo quy luật Mendel, tần số như nhau ở cả 2 giới.","NST thường = Mendel, 2 giới như nhau.",1,GV001,TracNghiem,,SGK-KNTT9,2026-10-01
SH9-B42-05,B42,TrungBinh,"Bộ NST (karyotype) là:",,"Tập hợp NST đặc trưng cho một loài về số lượng và hình thái","Một cặp NST tương đồng","Chỉ các NST giới tính","Tập hợp protein của nhân tế bào",A,"Karyotype đặc trưng cho từng loài, ví dụ người 2n = 46.","Karyotype = thẻ căn cước NST của loài.",1,GV001,TracNghiem,,SGK-KNTT9,2026-10-01
SH9-B42-06,B42,TrungBinh,"Ở người, nữ giới có bộ NST giới tính:",,"XX","XY","X0","YY",A,"Con cái: XX; con đực: XY.","Nữ = XX.",1,GV001,TracNghiem,,SGK-KNTT9,2026-10-01
SH9-B42-07,B42,TrungBinh,"Ở tế bào soma người, 46 NST gồm:",,"22 cặp NST thường + 1 cặp NST giới tính","23 cặp NST thường + 1 cặp NST giới tính","46 cặp NST thường","22 cặp NST giới tính",A,"44 NST thường (22 cặp) + 2 NST giới tính (XX hoặc XY) = 46.","44 thường + XX/XY.",1,GV001,TracNghiem,,SGK-KNTT9,2026-10-01
SH9-B42-08,B42,Kho,"Cơ sở tế bào học của quy luật phân ly là:",,"Sự phân ly đồng đều của các cặp NST tương đồng trong giảm phân I","Sự nhân đôi DNA ở pha S","Sự tự phát của đột biến","Sự trao đổi chất ở tế bào",A,"Trong giảm phân I, mỗi cặp NST tương đồng phân ly → 2 allele của gene phân ly về 2 giao tử.","Allele phân ly ↔ NST tương đồng phân ly.",1,GV001,TracNghiem,,SGK-KNTT9,2026-10-01
SH9-B42-09,B42,Kho,"Một loài có 2n = 24. Giao tử của loài đó có:",,"24 NST","12 NST","48 NST","6 NST",B,"Giảm phân làm bộ NST giảm một nửa: n = 24 : 2 = 12 NST.","Giao tử = n = một nửa 2n.",1,GV001,TracNghiem,,SGK-KNTT9,2026-10-01
SH9-B42-10,B42,Boss,"Vì sao gene trên NST di truyền đúng quy luật Mendel?",,"Vì gene nằm trên NST, cùng NST phân ly đồng đều và các cặp NST tương đồng phân ly độc lập trong giảm phân","Vì gene tự di chuyển ngẫu nhiên giữa các tế bào","Vì NST không tham gia phân bào","Vì môi trường quyết định toàn bộ",A,"Cơ sở tế bào học: allele trên NST tương đồng phân ly (quy luật 2), các cặp NST khác nhau phân ly độc lập (quy luật 3).","Gene đi trên xe NST – quy luật của NST thành quy luật của gene.",1,GV001,TracNghiem,,SGK-KNTT9,2026-10-01
SH9-B43-01,B43,De,"Kết quả của một lần nguyên phân là:",,"2 tế bào con có bộ NST giống tế bào mẹ (2n)","4 tế bào con n","4 tế bào con 2n","1 tế bào con",A,"Nguyên phân: 1 tế bào → 2 tế bào con giữ nguyên bộ NST của tế bào mẹ.","Nguyên phân = 1 tách thành 2 giống hệt.",1,GV001,TracNghiem,,SGK-KNTT9,2026-10-01
SH9-B43-02,B43,De,"Kết quả của một lần giảm phân là:",,"2 tế bào con n","4 tế bào con 2n","4 tế bào con n","2 tế bào con 2n",C,"Giảm phân: 1 tế bào 2n → 4 tế bào con n (giao tử).","Giảm phân = 1 → 4, bộ NST giảm nửa.",1,GV001,TracNghiem,,SGK-KNTT9,2026-10-01
SH9-B43-03,B43,De,"Ở kì giữa nguyên phân, các NST:",,"Tự phân giải","Xếp thành 1 hàng ở mặt phẳng xích đạo của thoi vô sắc","Nhân đôi thêm lần nữa","Thoát ra khỏi nhân",B,"Kì giữa: NST co ngắn tối đa, gắn vào sợi thoi và xếp thành 1 hàng trên xích đạo.","Kì giữa – xếp hàng ở xích đạo.",1,GV001,TracNghiem,,SGK-KNTT9,2026-10-01
SH9-B43-04,B43,TrungBinh,"Ý nghĩa của nguyên phân là:",,"Tăng số lượng tế bào, duy trì bộ NST đặc trưng, tái tạo mô và cơ thể","Giảm số lượng NST của loài","Tạo giao tử cho sinh sản hữu tính","Tạo đột biến có lợi",A,"Nguyên phân giúp sinh trưởng, tái tạo và giữ ổn định bộ NST qua các thế hệ tế bào.","Nguyên phân = lớn lên + vá lành.",1,GV001,TracNghiem,,SGK-KNTT9,2026-10-01
SH9-B43-05,B43,TrungBinh,"Giao thoa (trao đổi chéo) giữa các crômatit không chị em xảy ra ở:",,"Kì đầu giảm phân I","Kì giữa giảm phân II","Kì sau nguyên phân","Kì trung gian",A,"Ở kì đầu giảm phân I, các crômatit không chị em của cặp NST tương đồng có thể trao đổi đoạn với nhau.","Giao thoa ở kì đầu GpI.",1,GV001,TracNghiem,,SGK-KNTT9,2026-10-01
SH9-B43-06,B43,TrungBinh,"Ở kì sau giảm phân I:",,"Các crômatit chị em tách nhau về 2 cực","Các cặp NST tương đồng phân ly về 2 cực","NST bắt đầu nhân đôi","Tế bào chia thành 4 tế bào",B,"GpI: các NST tương đồng phân ly về 2 cực, crômatit chị em vẫn dính nhau.","GpI tách cặp – GpII tách bản.",1,GV001,TracNghiem,,SGK-KNTT9,2026-10-01
SH9-B43-07,B43,TrungBinh,"Điểm khác biệt quan trọng nhất giữa giảm phân và nguyên phân là:",,"Giảm phân có sự phân ly NST tương đồng và giao thoa, kết quả cho giao tử n","Giảm phân không có sự phân chia tế bào","Nguyên phân tạo giao tử","Hai quá trình hoàn toàn giống nhau",A,"Giảm phân: 2 lần phân bào, 1 lần nhân đôi, có giao thoa → 4 tế bào n; nguyên phân giữ nguyên 2n.","Giảm phân tạo biến dị – nguyên phân giữ nguyên.",1,GV001,TracNghiem,,SGK-KNTT9,2026-10-01
SH9-B43-08,B43,Kho,"Tế bào 2n = 12 ở kì giữa nguyên phân có số crômatit là:",,"12 crômatit","48 crômatit","24 crômatit","6 crômatit",C,"Kì giữa mỗi NST gồm 2 crômatit → 12 × 2 = 24 crômatit.","Kì giữa: số NST × 2 = số crômatit.",1,GV001,TracNghiem,,SGK-KNTT9,2026-10-01
SH9-B43-09,B43,Kho,"Một tế bào 2n = 8 giảm phân tạo ra:",,"2 tế bào, mỗi tế bào 8 NST","4 tế bào, mỗi tế bào 4 NST","4 tế bào, mỗi tế bào 8 NST","8 tế bào, mỗi tế bào 4 NST",B,"1 tế bào 2n = 8 → giảm phân → 4 tế bào con n = 4 NST.","1 tách 4, NST chia đôi.",1,GV001,TracNghiem,,SGK-KNTT9,2026-10-01
SH9-B43-10,B43,Boss,"Tế bào 2n = 6 giảm phân. Ở kì sau giảm phân I, mỗi cực nhận:",,"6 NST","3 NST (mỗi NST gồm 2 crômatit)","3 NST (mỗi NST 1 crômatit)","12 NST",B,"GpI: n = 3 NST phân ly về mỗi cực, mỗi NST còn gồm 2 crômatit.","Sau GpI: mỗi cực n NST, vẫn 2 crômatit.",1,GV001,TracNghiem,,SGK-KNTT9,2026-10-01
SH9-B44-01,B44,De,"Cơ chế xác định giới tính XX – XY phổ biến ở:",,"Người và nhiều loài động vật có vú","Tất cả các loài thực vật","Chỉ vi khuẩn","Chỉ các loài nấm",A,"Hệ XX – XY: con đực XY, con cái XX (người, thú có vú).","Người dùng hệ XX – XY.",1,GV001,TracNghiem,,SGK-KNTT9,2026-10-01
SH9-B44-02,B44,De,"Ở người, giới tính của đứa con được quyết định bởi:",,"Chế độ ăn của mẹ","Trứng của mẹ","Môi trường sống","Tinh trùng X hoặc Y do người bố cung cấp",D,"Trứng luôn mang X; tinh trùng X → con gái, tinh trùng Y → con trai.","Bố quyết định giới tính qua X hay Y.",1,GV001,TracNghiem,,SGK-KNTT9,2026-10-01
SH9-B44-03,B44,De,"Trứng (giao tử cái) của người luôn mang NST giới tính:",,"X","Y","X hoặc Y","Không mang NST giới tính",A,"Mẹ có bộ XX nên mọi trứng đều mang X; bố XY nên tinh trùng mang X hoặc Y.","Trứng chỉ có X.",1,GV001,TracNghiem,,SGK-KNTT9,2026-10-01
SH9-B44-04,B44,TrungBinh,"Tỉ lệ nam : nữ ở người theo lý thuyết là:",,"2 : 1","1 : 1","3 : 1","1 : 2",B,"50% tinh trùng mang X, 50% mang Y → xác suất sinh con trai : con gái = 1 : 1.","X : Y = 1 : 1.",1,GV001,TracNghiem,,SGK-KNTT9,2026-10-01
SH9-B44-05,B44,TrungBinh,"Cơ chế xác định giới tính XX – X0 đặc trưng ở:",,"Người","Một số loài côn trùng (cái XX, đực chỉ có 1 NST X)","Động vật có vú","Thực vật hạt kín",B,"Ở hệ XX – X0, con đực chỉ có 1 NST X (X0), con cái có XX.","X0 – hệ XX – X0 ở một số côn trùng.",1,GV001,TracNghiem,,SGK-KNTT9,2026-10-01
SH9-B44-06,B44,TrungBinh,"Gene nằm trên NST X mà không có allele tương ứng trên Y quy định tính trạng:",,"Chỉ truyền theo NST số 21","Di truyền gắn với giới tính","Di truyền độc lập với giới tính","Không thể di truyền",B,"Gene trên X không có allele đối trên Y nên kiểu hình thể hiện lệch giữa nam và nữ – di truyền liên kết giới tính.","Gene trên X = gắn với giới tính.",1,GV001,TracNghiem,,SGK-KNTT9,2026-10-01
SH9-B44-07,B44,TrungBinh,"Bệnh mù màu (đỏ – xanh lục) do gene lặn trên NST X. Phụ nữ mắc bệnh khi:",,"Chỉ cần 1 allele bệnh","Có kiểu gen đồng hợp lặn X^m X^m","Có kiểu gen XY","Luôn mắc bệnh dù kiểu gen nào",B,"Nữ cần đồng hợp lặn X^mX^m mới biểu hiện; nam chỉ cần 1 allele X^m là mắc.","Nữ cần 2 bản lỗi – nam chỉ cần 1.",1,GV001,TracNghiem,,SGK-KNTT9,2026-10-01
SH9-B44-08,B44,Kho,"Mẹ dị hợp X^A X^m (gene mù màu lặn), bố bình thường X^A Y. Xác suất một người con trai mắc bệnh là:",,"25%","100%","50%","0%",C,"Con trai nhận X từ mẹ: 50% nhận X^A (bình thường), 50% nhận X^m (mù màu).","Con trai nhận X duy nhất từ mẹ.",1,GV001,TracNghiem,,SGK-KNTT9,2026-10-01
SH9-B44-09,B44,Kho,"Nam giới mắc bệnh máu khó đông (gene lặn trên NST X) có kiểu gen:",,"X^H X^h","X^h Y","X^H Y","X^h X^h",B,"Nam chỉ có 1 NST X nên chỉ cần 1 allele bệnh X^h là biểu hiện bệnh.","Nam XY: 1 allele bệnh là mắc.",1,GV001,TracNghiem,,SGK-KNTT9,2026-10-01
SH9-B44-10,B44,Boss,"Bố bình thường X^A Y × mẹ mù màu X^m X^m. Đời con:",,"Chỉ con gái mù màu","Con gái đều bình thường (dị hợp), con trai đều mù màu","Con trai đều bình thường, con gái đều mù màu","Cả 2 giới đều 50% mắc bệnh",B,"Con gái nhận X^A từ bố → X^A X^m bình thường; con trai nhận X^m từ mẹ + Y từ bố → X^mY mù màu.","Bố cho X vào con gái, con trai nhận X của mẹ.",1,GV001,TracNghiem,,SGK-KNTT9,2026-10-01
SH9-B45-01,B45,De,"Di truyền liên kết là hiện tượng:",,"Chỉ xảy ra ở NST giới tính","Các gene nằm cùng 1 phân tử NST có xu hướng di truyền cùng nhau","Các gene ở các NST khác nhau luôn phân ly độc lập","Gene tự di chuyển giữa các NST",B,"Các gene nằm trên cùng 1 NST thường được truyền cùng cụm qua sinh sản.","Cùng 1 NST = di truyền cùng nhau.",1,GV001,TracNghiem,,SGK-KNTT9,2026-10-01
SH9-B45-02,B45,De,"Nhóm máu hệ ABO ở người do:",,"Nhiều gene không phải allele","Bộ 3 allele (I^A, I^B, i)","Một allele duy nhất","Hai allele",B,"3 allele đa hình I^A, I^B, i tạo ra 4 nhóm máu A, B, AB, O.","3 allele – 4 nhóm máu.",1,GV001,TracNghiem,,SGK-KNTT9,2026-10-01
SH9-B45-03,B45,De,"Người có nhóm máu O mang kiểu gen:",,"I^A I^B","ii","I^A I^A","I^A i",B,"i là allele lặn; kiểu gen ii không tạo kháng nguyên A và B nên nhóm máu O.","O = ii.",1,GV001,TracNghiem,,SGK-KNTT9,2026-10-01
SH9-B45-04,B45,TrungBinh,"Trước khi truyền máu phải xét nghiệm nhóm máu vì:",,"Để tăng số lượng hồng cầu","Nhóm máu không tương thích gây ngưng kết hồng cầu, nguy hiểm đến tính mạng","Để biết tên tuổi người bệnh","Truyền nhóm máu nào cũng được",B,"Kháng nguyên trên hồng cầu gặp kháng thể không tương thích trong huyết tương sẽ gây ngưng kết.","Khắc kháng nguyên – kháng thể = nguy hiểm.",1,GV001,TracNghiem,,SGK-KNTT9,2026-10-01
SH9-B45-05,B45,TrungBinh,"Liên kết hoàn toàn (không giao thoa): F1 dị hợp 2 cặp gene lai phân tích cho tỉ lệ kiểu hình:",,"3 : 1","1 : 1 (2 nhóm kiểu hình)","1 : 1 : 1 : 1","9 : 3 : 3 : 1",B,"Không có giao thoa → F1 chỉ tạo 2 loại giao tử liên kết gốc → 2 nhóm kiểu hình theo tỉ lệ 1:1.","Liên kết hoàn toàn = chỉ 2 nhóm.",1,GV001,TracNghiem,,SGK-KNTT9,2026-10-01
SH9-B45-06,B45,TrungBinh,"Trao đổi chéo (giao thoa) giữa 2 crômatit không chị em làm:",,"Không ảnh hưởng gì","Xuất hiện giao tử tái tổ hợp, giảm tỉ lệ kiểu gen, kiểu hình giống bố mẹ","Xóa bỏ mọi biến dị","Làm gene đột biến",B,"Giao thoa tạo tổ hợp allele mới (tái tổ hợp) → tăng biến dị, giảm tỉ lệ liên kết.","Giao thoa = hoán đổi đoạn trên NST.",1,GV001,TracNghiem,,SGK-KNTT9,2026-10-01
SH9-B45-07,B45,TrungBinh,"Người nhóm máu AB được coi là người nhận truyền hồng cầu phổ quát vì:",,"Huyết tương chỉ có kháng thể anti-A","Huyết tương không chứa kháng thể anti-A và anti-B","Hồng cầu không có kháng nguyên","Huyết tương có cả anti-A và anti-B",B,"Hồng cầu AB mang cả kháng nguyên A, B nhưng huyết tương không có anti-A/anti-B nên không gây ngưng kết hồng cầu được truyền vào.","AB = chấp nhận tất cả (về hồng cầu).",1,GV001,TracNghiem,,SGK-KNTT9,2026-10-01
SH9-B45-08,B45,Kho,"F1 có kiểu gen AB/ab (liên kết), lai phân tích với aabb, tần số trao đổi chéo 20%. Tỉ lệ kiểu hình đời con:",,"1 : 1 : 1 : 1","4 : 1 : 1 : 4","9 : 3 : 3 : 1","3 : 1",B,"Giao tử liên kết AB, ab mỗi loại 40%; giao tử tái tổ hợp Ab, aB mỗi loại 10% → kiểu hình 40:10:10:40.","Tổng giao tử tái tổ hợp = tần số giao thoa.",1,GV001,TracNghiem,,SGK-KNTT9,2026-10-01
SH9-B45-09,B45,Kho,"Bố nhóm máu A (dị hợp I^A i) × mẹ nhóm máu B (dị hợp I^B i). Người con có thể có nhóm máu:",,"Chỉ A và B","Chỉ O","A, B, AB và O","Chỉ AB",C,"I^A i × I^B i → con có thể là I^A I^B (AB), I^A i (A), I^B i (B), ii (O).","A dị hợp × B dị hợp = đủ cả 4 nhóm.",1,GV001,TracNghiem,,SGK-KNTT9,2026-10-01
SH9-B45-10,B45,Boss,"Bố nhóm máu O (ii) × mẹ nhóm máu AB (I^A I^B). Người con:",,"Có thể cả 4 nhóm máu","Có thể nhóm A hoặc B, không thể O hay AB","Chỉ có thể nhóm O","Chỉ có thể nhóm AB",B,"ii × I^A I^B → I^A i (A) : I^B i (B) = 1 : 1; không xuất hiện ii (O) hay I^A I^B (AB).","O × AB → con chỉ A hoặc B.",1,GV001,TracNghiem,,SGK-KNTT9,2026-10-01
SH9-B46-01,B46,De,"Đột biến nhiễm sắc thể là biến đổi:",,"Trong môi trường sống","Số lượng hoặc cấu trúc của NST","Chỉ 1 cặp nucleotit","Chỉ ở một gene",B,"Đột biến NST gồm đột biến số lượng (thể ba, thể một, đa bội...) và cấu trúc (mất, lặp, đảo, chuyển đoạn).","Đột biến NST = số lượng + cấu trúc.",1,GV001,TracNghiem,,SGK-KNTT9,2026-10-01
SH9-B46-02,B46,De,"Bệnh Đao (Down) ở người do:",,"Đột biến gene trên NST số 21","Thể ba NST thường số 21 (có 47 NST)","Mất NST số 21","Đột biến trên NST Y",B,"Thể ba 21: có thêm 1 NST số 21 → 47 NST, biểu hiện chậm phát triển trí tuệ.","Down = 3 bản NST 21.",1,GV001,TracNghiem,,SGK-KNTT9,2026-10-01
SH9-B46-03,B46,De,"Hội chứng Tơcơ (Turner) do:",,"Nam giới có XYY","Nữ giới thiếu 1 NST X (X0, 45 NST)","Nam giới có XXY","Nữ giới có XXX",B,"Thể một X0: mất 1 NST X ở nữ → 45 NST, tầm vóc lùn, không sinh sản được.","Turner = X0 = 45 NST.",1,GV001,TracNghiem,,SGK-KNTT9,2026-10-01
SH9-B46-04,B46,TrungBinh,"Đột biến cấu trúc NST gồm các dạng:",,"Thể ba, thể một","Mất đoạn, lặp đoạn, đảo đoạn, chuyển đoạn","Thay thế, thêm, mất 1 cặp nu","Tam bội, tứ bội",B,"Bốn dạng đột biến cấu trúc: mất đoạn, lặp đoạn, đảo đoạn, chuyển đoạn.","Mất – Lặp – Đảo – Chuyển.",1,GV001,TracNghiem,,SGK-KNTT9,2026-10-01
SH9-B46-05,B46,TrungBinh,"Hội chứng Claiphơtri (Klinefelter) có bộ NST giới tính:",,"X0","XXX","XXY ở nam giới","XY bình thường",C,"Nam XXY (47 NST): tinh hoàn kém phát triển, không sinh sản được.","Claiphơtri = XXY.",1,GV001,TracNghiem,,SGK-KNTT9,2026-10-01
SH9-B46-06,B46,TrungBinh,"Đột biến đa bội là đột biến làm bộ NST:",,"Đảo đoạn NST","Chỉ giảm đi 1 NST","Tăng cả nguyên bộ (3n, 4n...)","Chỉ tăng thêm 1 NST",C,"Đa bội: bộ NST là bội số lớn hơn 2 của bộ đơn bội (3n, 4n...).","Đa bội = tăng cả bộ.",1,GV001,TracNghiem,,SGK-KNTT9,2026-10-01
SH9-B46-07,B46,TrungBinh,"Cây đa bội thường có đặc điểm:",,"Hoàn toàn không thay đổi","Luôn nhỏ hơn cây lưỡng bội","Cơ quan sinh dưỡng lớn, khỏe, năng suất cao hơn","Chết ngay khi nảy mầm",C,"Ở nhiều loài thực vật, đa bội tạo tế bào to hơn → cây khỏe, quả to, năng suất cao.","Đa bội ở cây = lớn khỏe.",1,GV001,TracNghiem,,SGK-KNTT9,2026-10-01
SH9-B46-08,B46,Kho,"Người bình thường có 2n = 46. Người mắc bệnh Đao có:",,"48 NST","46 NST","47 NST","45 NST",C,"Thể ba 21 = 46 + 1 = 47 NST.","Đao: +1 NST = 47.",1,GV001,TracNghiem,,SGK-KNTT9,2026-10-01
SH9-B46-09,B46,Kho,"Các nguyên nhân gây đột biến NST ở người:",,"Chỉ do virus","Do ăn nhiều đường","Rối loạn trong phân bào, tác nhân gây đột biến, tuổi của mẹ khi sinh con cao","Chỉ do di truyền từ đời trước",C,"Rối loạn phân bào, hóa chất, tia phóng xạ và tuổi mẹ cao làm tăng nguy cơ đột biến số lượng NST.","Tuổi mẹ cao → rủi ro đột biến NST tăng.",1,GV001,TracNghiem,,SGK-KNTT9,2026-10-01
SH9-B46-10,B46,Boss,"Tế bào có 2n = 4 (2 cặp NST). Nếu đột biến mất đi 1 NST, tế bào đó (thể một) còn:",,"4 NST","5 NST","3 NST","2 NST",C,"Thể một: 2n − 1 = 4 − 1 = 3 NST.","Thể một = 2n − 1.",1,GV001,TracNghiem,,SGK-KNTT9,2026-10-01
SH9-B47-01,B47,De,"Bệnh di truyền là bệnh:",,"Do thiếu vitamin","Do vi khuẩn gây ra","Do đột biến trong vật chất di truyền gây ra","Lây qua tiếp xúc hằng ngày",C,"Bệnh di truyền xuất phát từ đột biến gene hoặc đột biến NST được truyền qua sinh sản.","Di truyền – không lây, do lỗi gene.",1,GV001,TracNghiem,,SGK-KNTT9,2026-10-01
SH9-B47-02,B47,De,"Cây phả hệ (pedigree) được dùng để:",,"Xét nghiệm máu hàng loạt","Tạo giống mới","Theo dõi sự di truyền của một tính trạng hoặc bệnh qua các thế hệ trong gia đình","Đếm số lượng tế bào",C,"Phả hệ ghi lại người mắc/không mắc bệnh giúp phân tích kiểu di truyền (trội/lặn, NST thường hay X).","Phả hệ = sơ đồ gia đình của bệnh.",1,GV001,TracNghiem,,SGK-KNTT9,2026-10-01
SH9-B47-03,B47,TrungBinh,"Phương pháp nghiên cứu di truyền người KHÔNG thể áp dụng:",,"Phân tích phả hệ","Soi bộ NST","Xét nghiệm gene","Lai phân tích như ở thực vật",D,"Không thể cho người lai theo ý muốn nên phải dùng phả hệ, tế bào học, sinh hóa và thống kê.","Với người: quan sát – không lai thử.",1,GV001,TracNghiem,,SGK-KNTT9,2026-10-01
SH9-B47-04,B47,TrungBinh,"Bệnh máu khó đông do:",,"Gene trội trên NST Y","Gene trội trên NST thường","Gene lặn trên NST X","Gene lặn trên NST thường",C,"Gene lặn trên X: nam X^h Y đã mắc bệnh; nữ cần X^h X^h mới mắc.","Máu khó đông – gene lặn trên X.",1,GV001,TracNghiem,,SGK-KNTT9,2026-10-01
SH9-B47-05,B47,TrungBinh,"Tư vấn di truyền giúp gia đình:",,"Cam kết 100% con khỏe mạnh","Thay đổi bộ NST của người con","Đánh giá nguy cơ sinh con mắc bệnh và đưa lời khuyên về sinh sản","Chữa khỏi hoàn toàn mọi bệnh di truyền",C,"Tư vấn di truyền ước tính xác suất bệnh và hướng dẫn biện pháp như chẩn đoán trước sinh.","Tư vấn = ước tính nguy cơ + định hướng.",1,GV001,TracNghiem,,SGK-KNTT9,2026-10-01
SH9-B47-06,B47,TrungBinh,"Bệnh phêninxêtônuria (PKU) do:",,"Dư insulin","Mất NST số 21","Thiếu enzyme phân giải axit amin phenylalanin","Thiếu hemoglobin",C,"Không phân giải được phenylalanin → chất này tích tụ gây tổn thương não; kiểm soát bằng chế độ ăn phù hợp.","PKU – phải ăn kiêng phenylalanin.",1,GV001,TracNghiem,,SGK-KNTT9,2026-10-01
SH9-B47-07,B47,TrungBinh,"Chẩn đoán trước sinh (sinh thiết gai, chọc ối) có thể phát hiện:",,"Giới tính theo ý muốn của gia đình","Tất cả các bệnh truyền nhiễm","Đột biến số lượng NST như bệnh Đao","Cân nặng thai nhi chính xác từng ngày",C,"Phân tích tế bào thai nhi cho biết bộ NST, giúp phát hiện thể ba 21 và nhiều đột biến khác.","Chọc ối – soi bộ NST của thai.",1,GV001,TracNghiem,,SGK-KNTT9,2026-10-01
SH9-B47-08,B47,Kho,"Bố mẹ đều dị hợp mang gene bệnh lặn trên NST thường (Aa × Aa). Xác suất người con mắc bệnh là:",,"50%","100%","25%","0%",C,"Aa × Aa → 1AA : 2Aa : 1aa → 25% con mang kiểu gen aa biểu hiện bệnh.","Lặn dị hợp × dị hợp = 1/4 mắc.",1,GV001,TracNghiem,,SGK-KNTT9,2026-10-01
SH9-B47-09,B47,Kho,"Trên phả hệ, bệnh xuất hiện ở mọi thế hệ và người mắc luôn có bố hoặc mẹ mắc bệnh. Bệnh đó do:",,"Đột biến ngẫu nhiên ở từng người","Gene lặn","Gene trội","Gene trên NST Y",C,"Bệnh trội không nhảy cóng thế hệ; bệnh lặn thường nhảy thế hệ (bố mẹ khỏe, con mắc).","Mọi thế hệ đều có = trội.",1,GV001,TracNghiem,,SGK-KNTT9,2026-10-01
SH9-B47-10,B47,Boss,"Quan điểm đúng khi đối diện với bệnh di truyền:",,"Tất cả đều chết người ngay lập tức","Không thể can thiệp bất cứ điều gì","Phát hiện sớm, tư vấn và điều chỉnh (chế độ ăn, thuốc, phục hồi) giúp giảm tác hại của nhiều bệnh","Bệnh di truyền luôn lây cho người xung quanh",C,"Nhiều bệnh di truyền được kiểm soát nếu phát hiện sớm: PKU ăn kiêng, chẩn đoán trước sinh, hỗ trợ phục hồi.","Sớm phát hiện – giảm thiệt hại.",1,GV001,TracNghiem,,SGK-KNTT9,2026-10-01
SH9-B48-01,B48,De,"Công nghệ gen (kỹ thuật gen) là:",,"Chọn lọc tự nhiên","Nuôi cấy ở môi trường tự nhiên","Tạo DNA tái tổ hợp và chuyển gene giữa các loài","Lai hữu tính tự nhiên",C,"Công nghệ gen cắt – ghép gene để tạo sinh vật mang gene của loài khác.","Gen tech = cắt + ghép gene.",1,GV001,TracNghiem,,SGK-KNTT9,2026-10-01
SH9-B48-02,B48,De,"Sinh vật biến đổi gene (GMO) là sinh vật:",,"Không có DNA","Chỉ sống ở biển","Có bộ gene được thay đổi hoặc bổ sung gene mới bằng công nghệ gen","Sinh ra từ phép lai tự nhiên",C,"GMO mang gene của loài khác hoặc gene được chỉnh sửa để có tính trạng mới.","GMO = gene đã được sửa tay.",1,GV001,TracNghiem,,SGK-KNTT9,2026-10-01
SH9-B48-03,B48,De,"Vắc-xin tái tổ hợp được sản xuất bằng cách:",,"Trích trực tiếp từ máu người bệnh","Pha chế hóa chất","Chuyển gene mã hóa kháng nguyên vào vi khuẩn/nấm để chúng sản xuất hàng loạt","Khai thác từ đá",C,"Vi khuẩn/nấm mang gene kháng nguyên nhân bản nhanh → thu vắc-xin an toàn với chi phí thấp.","Vi khuẩn = nhà máy sản xuất vắc-xin.",1,GV001,TracNghiem,,SGK-KNTT9,2026-10-01
SH9-B48-04,B48,TrungBinh,"Insulin chữa bệnh đái tháo đường hiện nay chủ yếu được sản xuất bằng:",,"Tổng hợp hóa học thuần túy","Nuôi cấy rêu","Vi khuẩn E. coli mang gene insulin của người","Trích từ lá cây rừng",C,"Gene insulin của người được đưa vào vi khuẩn → thu insulin thuần khiết với sản lượng lớn.","Vi khuẩn mang gene người → insulin người.",1,GV001,TracNghiem,,SGK-KNTT9,2026-10-01
SH9-B48-05,B48,TrungBinh,"Chọn giống bằng marker phân tử (chỉ thị phân tử) giúp:",,"Chỉ chọn theo ngoại hình","Không cần kiểm tra lại","Nhận biết cây mang gene mong muốn ngay từ giai đoạn sớm, chính xác hơn","Bỏ qua hoàn toàn kiểu gen",C,"Marker phân tử dò kiểu gen sớm → chọn nhanh, tiết kiệm thời gian và diện tích canh tác.","Marker = mắc cài để tìm gene.",1,GV001,TracNghiem,,SGK-KNTT9,2026-10-01
SH9-B48-06,B48,TrungBinh,"Nuôi cấy mô tế bào thực vật cho phép:",,"Chỉ giữ được hạt giống","Xóa toàn bộ DNA của cây","Nhân nhanh cây giống đồng nhất từ một mảnh mô nhỏ","Tạo động vật mới",C,"Từ tế bào/mô có thể tái sinh cây hoàn chỉnh có đặc tính như cây mẹ (nhân bản vô tính).","1 mảnh mô → cả vườn giống.",1,GV001,TracNghiem,,SGK-KNTT9,2026-10-01
SH9-B48-07,B48,TrungBinh,"Trị liệu gen (gene therapy) là:",,"Xoa bóp, vật lý trị liệu","Truyền toàn bộ máu của người khác","Bổ sung hoặc thay thế gene lành để thay cho gene lỗi gây bệnh","Uống vitamin hàng ngày",C,"Trị liệu gen đưa bản sao gene bình thường vào tế bào người bệnh để phục hồi chức năng.","Thay gene lỗi bằng gene lành.",1,GV001,TracNghiem,,SGK-KNTT9,2026-10-01
SH9-B48-08,B48,Kho,"Cây lúa gạo vàng (golden rice) được chuyển gene để:",,"Chịu mặn","Thích nghi mọi môi trường","Chịu hạn","Tổng hợp beta-caroten (tiền vitamin A) giúp chống thiếu vitamin A",D,"Gạo vàng mang gene tổng hợp beta-caroten → giúp giảm mù lòa do thiếu vitamin A.","Gạo vàng – vitamin A.",1,GV001,TracNghiem,,SGK-KNTT9,2026-10-01
SH9-B48-09,B48,Kho,"Khi ứng dụng sinh vật biến đổi gene (GMO), điều cần đảm bảo là:",,"Chỉ cần giá thành rẻ","Có thể dùng vô hạn độ","Đánh giá an toàn cho sức khỏe và môi trường trước khi phổ biến","Không cần kiểm tra gì",C,"Cần đánh giá tác động đến đa dạng sinh học, khả năng lan truyền gene và an toàn thực phẩm.","GMO – kiểm tra an toàn trước khi dùng.",1,GV001,TracNghiem,,SGK-KNTT9,2026-10-01
SH9-B48-10,B48,Boss,"DNA tái tổ hợp được tạo ra nhờ:",,"Ánh sáng mặt trời","Tia laser","Enzyme cắt giới hạn và enzyme DNA ligase","Chỉ dùng nước muối",C,"Enzyme cắt giới hạn cắt DNA tại vị trí đặc hiệu, DNA ligase ghép đoạn gene vào vec tơ → DNA tái tổ hợp.","Cắt (restriction) – dán (ligase).",1,GV001,TracNghiem,,SGK-KNTT9,2026-10-01
SH9-B49-01,B49,De,"Tiến hóa là:",,"Sự lặp lại không đổi của tự nhiên","Sự giữ nguyên mọi đặc điểm","Chỉ xảy ra ở động vật có vú","Quá trình thay đổi dần đặc điểm của sinh vật qua các thế hệ",D,"Tiến hóa làm sinh vật ngày càng đa dạng và thích nghi hơn với môi trường.","Tiến hóa = thay đổi qua thế hệ.",1,GV001,TracNghiem,,SGK-KNTT9,2026-10-01
SH9-B49-02,B49,De,"Thuyết chọn lọc tự nhiên được công bố bởi:",,"G. Mendel","L. Pátxơ","I. Niu-tơn","C. Darwin",D,"Darwin (1859) giải thích tiến hóa bằng chọn lọc tự nhiên – sinh vật thích nghi sẽ tồn tại.","Darwin = chọn lọc tự nhiên.",1,GV001,TracNghiem,,SGK-KNTT9,2026-10-01
SH9-B49-03,B49,De,"Chọn lọc tự nhiên tác động trực tiếp lên:",,"Môi trường sống","Kiểu gen","Chỉ protein","Kiểu hình (biểu hiện) của cá thể",D,"Chọn lọc trực tiếp chọn kiểu hình; kiểu gen được chọn một cách gián tiếp.","Chọn kiểu hình – lọc kiểu gen.",1,GV001,TracNghiem,,SGK-KNTT9,2026-10-01
SH9-B49-04,B49,TrungBinh,"Chọn lọc ổn định:",,"Làm kiểu hình trung bình dịch chuyển","Ưu tiên 2 kiểu hình cực đoan trái ngược","Xóa bỏ cả loài","Loại bỏ các biến dị lệch xa, giữ kiểu hình thích nghi đã có",D,"Khi môi trường ổn định, chọn lọc giữ nguyên trạng kiểu hình thích nghi hiện có.","Ổn định = giữ nguyên.",1,GV001,TracNghiem,,SGK-KNTT9,2026-10-01
SH9-B49-05,B49,TrungBinh,"Chọn lọc đầu hướng (định hướng):",,"Giữ nguyên kiểu hình trung bình","Ưu tiên cả 2 cực","Không tác động gì","Làm kiểu hình trung bình dịch về một phía khi môi trường thay đổi",D,"Môi trường đổi chiều → kiểu hình phù hợp hướng mới được chọn → trung bình dịch chuyển.","Đầu hướng = dịch một phía.",1,GV001,TracNghiem,,SGK-KNTT9,2026-10-01
SH9-B49-06,B49,TrungBinh,"Chọn lọc phân hóa (phân kỳ):",,"Giữ nguyên trạng thái","Dịch trung bình về một phía","Loại bỏ cả 2 cực","Loại kiểu hình trung gian, ưu tiên 2 kiểu hình cực đoan",D,"Chọn lọc phân hóa tạo 2 nhóm kiểu hình trái ngược, là cơ sở phân hóa quần thể.","Phân hóa = 2 cực thắng, giữa thua.",1,GV001,TracNghiem,,SGK-KNTT9,2026-10-01
SH9-B49-07,B49,TrungBinh,"Đặc điểm thích nghi là:",,"Đặc điểm ngẫu nhiên vô nghĩa","Đặc điểm luôn có hại","Đặc điểm chỉ có ở hóa thạch","Đặc điểm giúp sinh vật sống sót và sinh sản tốt trong môi trường nhất định",D,"Thích nghi hình thành qua chọn lọc tự nhiên, ví dụ cổ dài của hươu cao cổ giúp ăn lá trên cao.","Thích nghi = sống + sinh sản tốt hơn.",1,GV001,TracNghiem,,SGK-KNTT9,2026-10-01
SH9-B49-08,B49,Kho,"Bướm sẫm màu ngày càng chiếm ưu thế ở vùng công nghiệp nhiều khói (vỏ cây tối màu) là ví dụ về:",,"Đột biến NST","Chọn lọc phân hóa","Chọn lọc ổn định","Chọn lọc đầu hướng",D,"Môi trường thay đổi → kiểu hình sẫm màu được chọn, trung bình dịch về phía sẫm = chọn lọc đầu hướng.","Môi trường đổi → chọn lọc đầu hướng.",1,GV001,TracNghiem,,SGK-KNTT9,2026-10-01
SH9-B49-09,B49,Kho,"Khi môi trường chia cắt thành 2 điều kiện khác nhau, quần thể thường bị chọn lọc theo kiểu:",,"Đầu hướng","Ổn định","Ngẫu nhiên","Phân hóa",D,"2 kiểu hình cực đoan được giữ, kiểu trung gian bị loại → chọn lọc phân hóa.","2 ngách môi trường = phân hóa.",1,GV001,TracNghiem,,SGK-KNTT9,2026-10-01
SH9-B49-10,B49,Boss,"Vì sao chọn lọc tự nhiên không tạo ra sinh vật hoàn hảo tuyệt đối?",,"Vì sinh vật không bao giờ thay đổi được","Vì chọn lọc tự nhiên không tồn tại","Vì mọi gene đều hoàn hảo sẵn","Vì chọn lọc chỉ dựa trên biến dị hiện có và kiểu hình hiện thời, trong khi môi trường luôn thay đổi",D,"Chọn lọc chỉ chọn trong vật liệu biến dị sẵn có; môi trường đổi thì tiêu chuẩn chọn cũng đổi.","Hoàn hảo tương đối – môi trường luôn đổi.",1,GV001,TracNghiem,,SGK-KNTT9,2026-10-01
SH9-B50-01,B50,De,"Đơn vị cơ bản của tiến hóa là:",,"Loài","Hệ sinh thái","Cá thể","Quần thể",D,"Tiến hóa là sự thay đổi tần số allele của quần thể qua các thế hệ.","Quần thể = đơn vị tiến hóa.",1,GV001,TracNghiem,,SGK-KNTT9,2026-10-01
SH9-B50-02,B50,De,"Vật liệu nguyên thủy của tiến hóa là:",,"Chỉ thức ăn","Ánh sáng","Nước","Đột biến và biến dị tổ hợp",D,"Đột biến tạo allele mới; giao phối + giảm phân tạo biến dị tổ hợp → vật liệu cho chọn lọc.","Đột biến + tổ hợp = nguyên liệu tiến hóa.",1,GV001,TracNghiem,,SGK-KNTT9,2026-10-01
SH9-B50-03,B50,De,"Yếu tố chủ đạo định hướng tiến hóa là:",,"Đột biến ngẫu nhiên","Cường độ ánh sáng","Khối lượng cơ thể","Chọn lọc tự nhiên",D,"Chọn lọc tự nhiên chọn kiểu hình thích nghi, định hướng sự thay đổi của quần thể.","Chọn lọc = người lái tiến hóa.",1,GV001,TracNghiem,,SGK-KNTT9,2026-10-01
SH9-B50-04,B50,TrungBinh,"Quần thể là đơn vị tiềm tàng tiến hóa vì:",,"Quần thể không bao giờ thay đổi","Cá thể tự tiến hóa riêng lẻ","Quần thể không chịu chọn lọc","Quần thể có kho biến dị di truyền (kho allele)",D,"Kho biến dị giúp quần thể phản ứng khi môi trường thay đổi.","Kho biến dị = kho dự trữ tiến hóa.",1,GV001,TracNghiem,,SGK-KNTT9,2026-10-01
SH9-B50-05,B50,TrungBinh,"Cách li (cô lập) sinh sản có vai trò:",,"Tăng trao đổi gene giữa các nhóm","Xóa bỏ biến dị","Làm quần thể đồng nhất","Ngăn trao đổi gene giữa các nhóm → các nhóm phân hóa dần, có thể tạo loài mới",D,"Cách li giữ cho các nhóm đi theo hướng tiến hóa riêng → có thể hình thành loài mới.","Cách li = rào chắn sinh loài mới.",1,GV001,TracNghiem,,SGK-KNTT9,2026-10-01
SH9-B50-06,B50,TrungBinh,"Trôi dạt gene (genetic drift) là:",,"Trao đổi gene theo di cư","Chọn lọc có định hướng","Đột biến có chủ đích","Sự thay đổi tần số allele một cách ngẫu nhiên, biểu hiện mạnh ở quần thể nhỏ",D,"Ở quần thể nhỏ, tần số allele dao động mạnh do ngẫu nhiên → có thể mất allele.","Drift = ngẫu nhiên, mạnh ở quần thể nhỏ.",1,GV001,TracNghiem,,SGK-KNTT9,2026-10-01
SH9-B50-07,B50,TrungBinh,"Dòng gene (gene flow) là:",,"Sự đột biến theo chu kỳ","Sự phân hủy DNA","Sự chọn lọc ngược chiều","Sự trao đổi gene giữa các quần thể nhờ di cư và giao phối",D,"Dòng gene đưa allele mới vào quần thể, làm giảm khác biệt giữa các quần thể.","Di cư → gene chảy giữa các quần thể.",1,GV001,TracNghiem,,SGK-KNTT9,2026-10-01
SH9-B50-08,B50,Kho,"Theo thuyết tiến hóa tổng hợp (hiện đại), cơ chế tiến hóa gồm:",,"Chỉ có đột biến","Chỉ phụ thuộc thuốc men","Chỉ di truyền tính trạng có được trong đời sống","Đột biến – chọn lọc tự nhiên – cách li sinh sản (cùng trôi dạt gene, dòng gene)",D,"Biến dị (đột biến + tổ hợp) là nguyên liệu; chọn lọc định hướng; cách li cố định sự phân hóa.","Nguyên liệu – chọn lọc – cách li.",1,GV001,TracNghiem,,SGK-KNTT9,2026-10-01
SH9-B50-09,B50,Kho,"Quần thể nhỏ dễ gặp nguy cơ:",,"Có vô hạn biến dị","Không chịu đột biến","Không thể tuyệt chủng","Mất biến dị di truyền do trôi dạt gene và giao phối gần",D,"Quần thể nhỏ: allele dễ mất ngẫu nhiên, giao phối gần làm giảm sức sống → nguy cơ tuyệt chủng cao.","Nhỏ – dễ mất biến dị.",1,GV001,TracNghiem,,SGK-KNTT9,2026-10-01
SH9-B50-10,B50,Boss,"Cách li sinh sản trước hợp tử là:",,"Hợp tử không sống sót","Đời con bất thụ","Đời con yếu ớt, sớm chết","Ngăn thụ tinh do khác thời điểm, môi trường sinh sản, tín hiệu...",D,"Trước hợp tử: ngăn giao phối/thụ tinh; sau hợp tử: hợp tử hoặc đời con kém sống, bất thụ (ví dụ lai ngựa – lừa).","Trước hợp tử = chưa kịp kết hợp.",1,GV001,TracNghiem,,SGK-KNTT9,2026-10-01
SH9-B51-01,B51,De,"Trái Đất hình thành cách đây khoảng:",,"1 tỷ năm","100 triệu năm","10 nghìn năm","4,6 tỷ năm",D,"Địa chất ước tính Trái Đất hình thành khoảng 4,6 tỷ năm trước.","Trái Đất ~4,6 tỷ năm.",1,GV001,TracNghiem,,SGK-KNTT9,2026-10-01
SH9-B51-02,B51,De,"Sự sống xuất hiện trên Trái Đất cách đây khoảng:",,"100 nghìn năm","1 triệu năm","6 nghìn năm","3,5 – 4 tỷ năm",D,"Hóa thạch cổ nhất cho thấy sự sống xuất hiện khoảng 3,5 – 4 tỷ năm trước.","Sự sống ~3,5 – 4 tỷ năm.",1,GV001,TracNghiem,,SGK-KNTT9,2026-10-01
SH9-B51-03,B51,De,"Thuyết tiến hóa hóa học cho rằng sự sống:",,"Do thượng đế rải xuống","Tồn tại vĩnh viễn từ trước","Chỉ đến từ các sinh vật ngoài Trái Đất","Hình thành dần từ chất vô cơ → hợp chất hữu cơ → đa phân → tế bào nguyên thủy",D,"Chất vô cơ hợp thành hữu cơ đơn giản → đa phân → cấu trúc tiền tế bào → tế bào đầu tiên.","Vô cơ → hữu cơ → tế bào.",1,GV001,TracNghiem,,SGK-KNTT9,2026-10-01
SH9-B51-04,B51,TrungBinh,"Thí nghiệm Miller – Urey chứng minh:",,"Sự sống chỉ đến từ vũ trụ","Tế bào tự sinh ra mỗi ngày","Không thể tạo hợp chất hữu cơ","Từ khí quyển nguyên thủy và tia lửa điện có thể tạo ra axit amin",D,"Miller – Urey (1953): phóng điện qua hỗn hợp khí CH4, NH3, H2, H2O → tạo được axit amin.","Miller = lò tạo axit amin.",1,GV001,TracNghiem,,SGK-KNTT9,2026-10-01
SH9-B51-05,B51,TrungBinh,"Hóa thạch giúp:",,"Tạo loài mới","Chỉ dùng để đo tuổi đá","Không có giá trị nghiên cứu","Chứng minh sự tồn tại của sinh vật quá khứ và cung cấp manh mối tiến hóa",D,"Hóa thạch là hồ sơ của quá khứ, cho thấy sinh vật cổ khác sinh vật hiện nay.","Hóa thạch = ảnh chụp quá khứ.",1,GV001,TracNghiem,,SGK-KNTT9,2026-10-01
SH9-B51-06,B51,TrungBinh,"Thứ tự xuất hiện trên Trái Đất là:",,"Cả hai xuất hiện cùng lúc","Không xác định được","Tế bào nhân thực trước tế bào nhân sơ","Tế bào nhân sơ trước tế bào nhân thực",D,"Vi khuẩn cổ (nhân sơ) xuất hiện trước; tế bào nhân thực muộn hơn hàng tỷ năm.","Nhân sơ trước – nhân thực sau.",1,GV001,TracNghiem,,SGK-KNTT9,2026-10-01
SH9-B51-07,B51,TrungBinh,"Khi lên đất liền, thứ tự xuất hiện là:",,"Động vật lên đất trước thực vật","Cả hai lên đất đồng thời","Không sinh vật nào lên đất","Thực vật lên đất trước, tạo cơ sở cho động vật lên đất sau",D,"Thực vật lên đất tạo thức ăn, ôxi và đất đai cho động vật theo sau.","Cây mở đường cho thú.",1,GV001,TracNghiem,,SGK-KNTT9,2026-10-01
SH9-B51-08,B51,Kho,"Trình tự đúng của quá trình phát sinh sự sống là:",,"Tế bào nhân thực → hóa học → nhân sơ","Đa bào → tế bào → hóa học","Ngẫu nhiên, không có trật tự","Tiến hóa hóa học → tiến hóa tiền sinh học → tế bào nguyên thủy → sinh vật nhân thực, đa bào",D,"Hóa học (tạo hữu cơ) → tiền sinh học (cấu trúc tiền tế bào) → tế bào đầu tiên → nhân thực, đa bào.","Hóa → tiền tế bào → tế bào → đa bào.",1,GV001,TracNghiem,,SGK-KNTT9,2026-10-01
SH9-B51-09,B51,Kho,"Khí quyển nguyên thủy của Trái Đất gần như không có:",,"Metan (CH4)","CO2","Hơi nước","O2 tự do",D,"Khí quyển nguyên thủy gồm CH4, NH3, H2, H2O... thiếu O2 tự do nên sinh vật đầu tiên là kị khí.","Nguyên thủy – thiếu ôxi.",1,GV001,TracNghiem,,SGK-KNTT9,2026-10-01
SH9-B51-10,B51,Boss,"Vì sao sự sống không dễ hình thành lại trên Trái Đất hiện nay như thời kỳ đầu?",,"Vì Trái Đất nhỏ hơn xưa","Vì hiện nay không còn nước","Vì ánh sáng yếu hơn trước","Vì khí quyển giàu O2 phá hủy hợp chất hữu cơ và sinh vật hiện có tiêu thụ ngay hợp chất hữu cơ tự hình thành",D,"Điều kiện nguyên thủy (không O2, nhiều năng lượng) không còn; hợp chất hữu cơ bị oxy hóa và bị vi sinh vật tiêu thụ.","Môi trường đã đổi – không lặp lại kịch bản cũ.",1,GV001,TracNghiem,,SGK-KNTT9,2026-10-01
